Primary ID	Sequence	Fold	MFE	Pvalue
111411087_111411136	AUGAAUGUCGGAUAGCUGCACCAGCUUGGUGGGGAAAGGGUUUGAUGAA	......(((((((..((.(((((...))))).)).....)))))))...	-13.0	0.0
111410907_111410956	CAUAGUCAUUGUACUGAAAUGCAAAGACUGCUUCCUAAGCUGGAGAUGC	..(((((.(((((......))))).))))).((((......))))....	-11.3	0.003
111410787_111410846	UACAACUGUUAGUCAUGUGGGCAUGUGUGAGGAAACAGAUGCCAGUUUUAAUGUAUUUA	(((((((...)))..))))(((((.(((......))).)))))................	-12.6	0.012
111410257_111410306	CAGCGCCCACUGUAGCUUCUACCGAACCAGAACCUUGCAGGCACUGAGU	(((.(((...(((((.((((........)))).).))))))).)))...	-11.6	0.042
111410037_111410086	UACACCAUUGAUGGAUCCAGGAAGAUCGGAAGCAUGGAUGAACUGGAGG	.....((((.(((..(((.........)))..))).)))).........	-10.2	0.006999999999999999
111409967_111410026	AAUAGUGGGUGGUGGCCGUUGGUGGGAGGUGGCAUCAUUGGUUAUGGUUACAUUCUUCG	...((((..(.(((((((.(((((........))))).))))))).)...)))).....	-15.4	0.0
111409817_111409886	CAACAGAACCAUUAGCAAUCACCCUUCAGUCUCUGCUGAGGUUGAAGUGUGAAUGGUGGUGAUCAUGCA	.........(((((.((.((((.((((((((((....)))))))))).)))).)).)))))........	-23.5	0.0
111409447_111409546	UUUAGGUAAGUGGUCGCGGCUCAGCUGUUGCUUCUAAAAAGCCUACUUUAGGGUGUGUCCCUAAGGCUGAGGUCAUUGGGAGAAAUACCAAAGAAAGCU	..(((((...(((..(((((......)))))..)))....)))))((((..(((((.((((((((((....))).))))).)).)))))....))))..	-28.9	0.023
111409207_111409276	CUACCUCUUACCAGAACUUACCCAGCCAUAGAGUCUUCUUUGUGGUCAUUUAGAAAAUAGAUCUUGGGU	...................((((((((((((((....))))))))).(((((.....)))))..)))))	-14.9	0.006999999999999999
111408817_111408876	UAAGUUUCUUGUGUUCCUAGACAAAGGAGAAUGAGGGUUUCCUUUGUACAAGACACUAG	..(((.((((((........((((((((((.......)))))))))))))))).)))..	-17.0	0.0
111408747_111408796	GCCCAAGUUGUCAGGCAAAGUGAUUGGGACCAGUUACUUAUAAAAGACA	(((..........))).(((((((((....)))))))))..........	-10.9	0.002
111408547_111408596	AGAGUUUCGCUCUUGUUGCCCAGGCUGGAGUGCAAUGGCAUGAUCUUGG	(((((...)))))...((((...((......))...)))).........	-10.8	0.027000000000000003
111408457_111408536	CUCUGCCUCCUGCCUCAGCCUCCCAAGUAGCUGAGAUUACAGGCAUGUGCCACCAUGCCUGGCUAAUUUUGUAUUUUUA	.............((((((..(....)..))))))....((((((((......))))))))..................	-22.6	0.0
111408367_111408416	ACUCCCGACCUCAGGAUCCACCCGCCUUGGCCUCCCAAAGUGUUGGGAU	..(((((((((..(((.(((.......)))..)))...)).))))))).	-14.8	0.022000000000000002
111407547_111407626	GACUAUGUGAAGUGUGAAUAGGGCUCAGUUGCAUUUGUUCACAUGUCAUGUACAACUACAAGGCACAGUGGACCUCAAU	...(((((((.(((((((((((((......)).))))))))))).)))))))...((((........))))........	-22.0	0.013999999999999999
111407447_111407496	GUCUGGGAUAGUGUUAAGAAAUGUGAUCAAUUUUCCCACUGCCACAGAG	.((((((.(((((....(((((.......)))))..))))))).)))).	-11.6	0.0
111407417_111407466	UUUUCCCACUGCCACAGAGCCAAAUGGGAAAGGGCACUGGGAUGAGGAG	...(((((.((((......((....)).....)))).))))).......	-16.1	0.001
111407377_111407436	AGGGCACUGGGAUGAGGAGGAUGAAGACAAUGUGUCUUUUUCUCUCCUAUUUUAUAUUU	.......((((((.(((((((.(((((((...))))))).)).))))))))))).....	-17.5	0.0
111407067_111407116	ACUCUGCCUGGCACACAGUAGUGCUUAAUAAAAGGUAGUUAUUAUUGUU	...(((((((((((......))))).......))))))...........	-12.0	0.006999999999999999
111406467_111406516	UGCCUUCUCUAUCCAUUAGGGUGGUUGUAAGGUUAAACUUAGAUAAUAG	.((((((.((((((....))))))..).)))))................	-11.2	0.005
111405837_111405886	UCAAGGGAAGCAUUUUGGAUCAAAGGUUAUUGAUGUCAGUUUUCCCACA	....((((((((((...((((...))))...))))).....)))))...	-10.2	0.01
111405767_111405836	UCCUUGGGUACACCGAGGGUCUUAGUGAAGCCAUGUAGGAUAUGGUCCUCAUUAGCUGUAUCCCAAGGA	((((((((((((......((..((((((.(((((((...)))))))..)))))))))))).))))))))	-24.3	0.0
111405447_111405496	AAAAUCCGAGCUGUGUAGUCACACUGGCUAUGAUCCAGUUCUUUUACCA	.......((((((((((((((...))))))))...))))))........	-12.1	0.0
111405177_111405246	AGCCCUGGAGAAGAGGAGAAAACCCAGGCAGAAGCUUGCUUUUGCACUGAGAAGAUACAAAUAUAUAUA	...(((.......)))........((((((((((....))))))).)))....................	-13.5	0.001
111405107_111405166	AAAAUGCAGCCUUCUUAAAGAGAAGGGAGGUAGACAUUAGAUCAUCUCCAGCCCACAGC	..........((((((...))))))((((((.(((....).))))))))..........	-11.5	0.006999999999999999
111404987_111405056	CCCUCACCCUAAAGCAGGUUUUUAGUUCCAGCGAAUUUGCACCCUGCUUGGCUGUGAAGCCAGCUUUCC	...........(((((((.....(((((....))))).....)))))))((((....))))........	-18.9	0.0
111404927_111404976	CAGCUGGUAGGAAAUAGCCCUUGGAAGCUGUGGCAGGAUGGGAACCCAA	(((((...(((.......)))....)))))........(((....))).	-10.3	0.012
111404807_111404876	AAGUGCAGGAGGCACUGAGCUCUGGCAGCAGACAUUGAAAAUGCUGGCAAAAUCAGGACAAGGAAGUCU	.(((((.....)))))((....((.(((((...........))))).))...)).((((......))))	-18.2	0.04
111404627_111404676	AGAAGAUUCCUCCCUAUAGACUCUAGGACCUAGAAGGGACUCAGGUGUC	....(((.(((((((......(((((...))))))))))....)).)))	-10.7	0.034
111404547_111404636	UCAGGUGUCACCUAGUGCAUUAUCUUUGCUUUAGAGAAGGCAAAGCUGAGACUCAGAGACAUUAAGUGAUUUCCCUGAGGUCACACAGC	...((((((.(..(((.(.(((.(((((((((....))))))))).)))))))..).))))))..((((((((...)))))))).....	-24.5	0.002
111404487_111404556	UCACACAGCUUUUAAGUGCCUAGUUGAGAUUUGAAUCCAGGUCUGUGUGACUCCUAAGUCAUCACUCUU	.....(((((...........)))))(((((((....)))))))((((((((....))))).)))....	-15.7	0.01
111404437_111404506	CUCCUAAGUCAUCACUCUUGACGACGAUAAAUAUCCUGCUCUCAGCGGGCCUCUGCAGAGGCAGCAGCA	.......(((.(((....))).)))..........((((.(((.((((....)))).))))))).....	-18.1	0.040999999999999995
111404357_111404416	AAUCUCCUACAUUUGGCAUUUGCCACAACUGGAAGCCUCCUUCCAACCAGCAGGAAAUC	....((((.(...((((....))))....((((((....))))))....).))))....	-13.3	0.0
111404087_111404136	AAUUUAUCAAGUGCUUACUAUGUUCCAGGCUCUGGGAUCAGCAUUUUAU	........(((((((......(((((((...))))))).)))))))...	-10.4	0.013999999999999999
111403967_111404026	UCACCCAGGGUAGAGUGCAGUGGUGCGAUCUCAGCUCACUGCACCCUCUGCCUCCCAGG	.......((((((((((((((((.((.......)))))))))))..)))))))......	-26.0	0.0
111403887_111403956	CUCCUUCCUCAGCCUCCCUAGUAGCUGGGAUUAUAGGCAUGUGCCACCACGCCCAGCUAAUUUUUGUAU	.....................((((((((......(((....)))......))))))))..........	-18.6	0.0
111403757_111403806	CCCAAAGUGUCAGGAUGACAGGCAUGAGCCGUCGCACCUGGCCAUGGGU	((((..(.((((((.((((.(((....)))))))..))))))).)))).	-21.5	0.0
111403647_111403696	UUAUUAUCACCCUUGCUUUGCAAAGAAGAAACUGAAGCCAAGGGAGGUU	.....(((.((((((((((..............)))).)))))).))).	-11.0	0.008
111403537_111403586	UUUUCCAUUACUCCAUAUUCAGCCCAACGAGAGAGUGGAGUGACUAAAA	.......(((((((((.(((..........))).)))))))))......	-12.0	0.0
111403387_111403446	AUCAUGUUCAUUUUCAUCUGGAGACGGUUAAUCAUACUCAUACUCCAGAGGCUUAAGAG	................(((((((..(((.......)))....)))))))..........	-10.0	0.03
111403287_111403376	GGGAGCAAAAAAGUCCAAAGUCCUAAUAGGGCUACACAGCUGACUCUCCAGAGGAGACUGGAUGAGUGAAAUCAUAAAUAUAUAGCUUC	.(((((............((((((...)))))).......(.(((((((((......))))).)))).)...............)))))	-21.1	0.001
111403167_111403216	AAGGCAGUGACCUCCUGCAAGGUGCCAGUGAAUCUGGUGAACUGCUAAG	..((((((.((((......))))(((((.....)))))..))))))...	-15.7	0.0
111403097_111403146	UAUGGGGGUUAUUGGCUGUGAAUAUAUGGAGACACUAAAAGGGCCCCUU	...(((((((.((((.(((............)))))))...))))))).	-12.8	0.025
111403017_111403086	UUAAGUCAAAAAUUAAAGACCCCAGCCUAUAAUUACUUGGGUUGGGUUGAAUUAACCAGCAAGGGAGUC	....(((..........)))(((((((((........))))))))).........((.....)).....	-16.2	0.001
111402867_111402916	UCCCUUUGUCCCCCUGUCAAGAUAGAACUCUGGGACUGAGGGCAGCUUU	.(((((.(((((....((......)).....))))).))))).......	-16.2	0.005
111402547_111402606	UGUUUCUGAAUGCAGUUCUCCUGCUGAGACCAAAGGAGAGCCAUCAGACUAUAAUUGUG	....(((((.((..((((((((..((....)).)))))))))))))))...........	-16.6	0.0
111402077_111402136	GACCCUGAAUACACAGAUCUUAUGUGCAUCCUUUGAGAGGAUGGAAAGAUGAAGGGUGA	.(((((..........(((((...(.(((((((...))))))).))))))..)))))..	-16.6	0.0
111401957_111402006	GUUUCUCUACCUAGUGUAGCAUAAGGAGUAGAGGACACACUUAUACACA	((((((((((((.(((...))).)))..))))))).))...........	-10.0	0.035
111401167_111401226	AAAGCCCCCCAGUCCUUGGCUAGCAGCAACAGUGCACAGGCCAGGGAGAACAAGGACUU	.(((((......(((((((((.(((.......)))...)))))))))......)).)))	-20.2	0.001
111401067_111401126	AGCCUCGGAAGGCUGUGCGUGUGCUUCUGAACAAGAAGACAGCCCACUCUUUUGAGCAA	.((.((((((((.((.((.(((.(((((.....)))))))))).)).))))))))))..	-20.8	0.0
111400997_111401046	GCCAUCAAACUGGAGACCGGGGUUGUCAAAAAACUCUACACUCUGGAUG	.........((((((...((((((.......))))))...))))))...	-11.1	0.006
111400947_111401006	CUCUGGAUGGAAAACAGGUAGGUACUUUUUCAAAGUACUUUUCCCGUUUUUUCUAAAUU	...((((..((((((.((.(((((((((...)))))))))..)).))))))))))....	-15.4	0.0
111400727_111400776	ACCAUGCAGAAAGGUCACUUAGCCUCAGCUUCCUUAUCUGCUAUGAAAG	..((((((((((((......(((....))).)))).))))).)))....	-11.5	0.0
111400477_111400526	UACGGGGAAAGCACUGAAGCCUCUGGCUCGUUGUCUUUGCCUCACACUA	...((((((((((.(((.(((...)))))).)).)))).))))......	-14.1	0.009000000000000001
111400377_111400426	GGUUCCACUGAUGGUUUGUGUGAGAAAGGGACUAUUUCAGGAUCCUAAA	((.(((...((((((((.(.......).))))))))...))).))....	-13.0	0.013999999999999999
111400147_111400226	UAGGGAGCUGUAAAUAUACAACAAAAAUGUUCCAAGGGAAUUGGAACAGUGGCUGGUUCUGUUGGCUCUAAAGAGAAUU	...((((((...((((.((........((((((((.....)))))))).......))..))))))))))..........	-18.0	0.0
111400097_111400146	UGGUCUCCCAUCAGAAAAGACAAGUGUGGAUUAGUAUCAGUCCAUAUAU	..((((...........))))..(((((((((......)))))))))..	-10.7	0.0
111399737_111399796	GUUUGUCUGUGAUGUUGGGAAAAUCUCCAAUUCCCAAGCAUUUCUCUAAGAGUGUCUAU	........(.(((((((((((.........))))).)))))).)...............	-10.2	0.044000000000000004
111399427_111399486	GCAUAAAUCUGAUUCCCUGUGCCUUCAGCCUUCUGAAGUAAUAUAGGAAUAUGCAAAUC	(((((.......((((.((((.((((((....))))))...))))))))))))).....	-13.8	0.0
111399037_111399086	GCUGGAGUGCAGUGGUGUGAAUUUGGCUCACUGCAACCUCUGCCUCCUG	...((((.((((.(((((((.......))))....))).))))))))..	-18.8	0.0
111398957_111399006	AAGUAGCUGGGACUACAGACGCACGCUGCAAUACCCGGCUAAUUUUUUU	...((((((((....(((.(....)))).....))))))))........	-13.9	0.0
111398807_111398876	CCUUCCAAAGUGCUAGGAUUAUAGGCAUGAGCCACCAUGCCUAGCCUCUUCCCCCUACUUUAUCUCUAU	......((((((...(((...((((((((......))))))))......)))...))))))........	-17.9	0.0
111398617_111398666	ACAGCAGGCCAUGCAGAGUGGCAAGCUCUCUCAAACUCCUUUAAACAUC	..(((..(((((.....)))))..)))......................	-10.8	0.006999999999999999
111398567_111398636	UCAAACUCCUUUAAACAUCAGUUCCCUUUCUUUGGGGGACAUAUUACAAAAUACCAGCAUAUGAUAUGA	....................(((((((......))))))).............................	-10.7	0.011000000000000001
111398117_111398216	AUUAUCCUUAGGUCUUUCAGAAGAGAUAGGGGGCCUCCAAAGGAGUGCAUAUUCCACCAGGUGGCUUCUAUCUGGUGGUUUACUUGGAAGUCACUGAGG	.....(((((((.(((((((............((((((...)))).)).((..(((((((((((...)))))))))))..)).))))))).).))))))	-36.2	0.0
111397927_111398056	ACCCCAAAAAGCUCUCCAAAGAGAAUUCUGUGGGCAAAUAAGGUUUGCCUUAUUUGCAGUAAAAUGCUGCAAAUUGUGUGCCAUUCUUAGAGAUUCCAGUGCUCACUGGCACAUUGAAUGCUCUGAGAA	.(((((.((..((((....))))..)).)).))).......(((.(((...((((((((((...)))))))))).))).))).(((((((((((((..(((((....)))))...)))).)))))))))	-42.6	0.0
111397517_111397566	UAUAGUGAAAGUUGGUGCCAAAUUCAAAAUUUUGGAGCUCAGCUCAUUU	...(((((..((((((.(((((........))))).)).))))))))).	-12.3	0.001
111397427_111397476	AUCACUUUGAUUAUUAGUGGGUAUUCGUACUGCUUGCGAAUAUAAUCUU	.(((((.........)))))(((((((((.....)))))))))......	-10.6	0.0
111397347_111397406	AUGUAUGGCAAUAGCUUGACUUGCUUGGAUGAGAUUCCAAUGCAUGUUUUUGGCUAUAC	..........((((((.(((.((((((((......))))).))).)))...))))))..	-17.8	0.0
111397227_111397296	UUAUGGAAUGAUUUAUUCAUGAAAUCAAGGCCAUCGCUUGAUUUCAGUGUUCACUAUAACUGGAUUCCA	...((((((...((((...((((((((((.......)))))))))).........))))....))))))	-15.4	0.002
111396977_111397046	UGUUUGAAUGUGUCUUUUAGAGCCCUUGAUCUUUCUAGGGCUUAUGUUUGAUGUUAUAGAAGUUUGGUU	...........(((.....(((((((.((....)).)))))))......))).................	-13.1	0.026000000000000002
111396687_111396736	UUUUGAUUCCUUGGCAGCUGGAGUGGUUGUGGAGUGUUGACAAAAUUAU	(((((...((((.((((((.....)))))).))).)....)))))....	-10.8	0.004
111396477_111396536	AAUAAUAGACUUCCAGCUUUUUGGCAUCAUACACAGUGGUGCAGCUGGUCUUCACAACA	.......((...((((((.....(((((((.....)))))))))))))...))......	-17.0	0.0
111396167_111396236	GGAGAGGUUUAAGCCGAUUCCAAGAUUAUCCAUAGCCUUGGAAACUAGUACAGGGGUUUUAAGGAAAUG	((((.(((....)))..)))).........(((..(((((.(((((........))))))))))..)))	-16.0	0.002
111395947_111396026	AGACAGAUUGGAUUUAACCUUGGAAAUGUUGAAUGCACUUACCAAGGUAGGUGUGUUUUUCCUUUGCCUACAUAGCCAG	........(((..........(((((.(..((((((((((((....))))))))))))..).))).)).......))).	-16.8	0.027999999999999997
111395807_111395866	CCAACCUCUCUCUUCUCCUAGUGUUAUGACCCUGUCAGUCAACAUUGGGCUCAUUAGAA	........(((.....(((((((((.((((...))))...)))))))))......))).	-12.3	0.025
111395727_111395826	AACAUUGGGCUCAUUAGAAAAGGCCACAUGGGCAUAAAUUAUGCCUCAAGAGGGAGGUCAUUUAUCAUUGGCCUUCACUUGAGAAGAUCAAGGCUGGAA	..(((..((((..........))))..)))((((((...))))))(((((..((((((((........)))))))).))))).................	-28.9	0.0
111395647_111395696	CUCCAACCUUUCAGAGGUUCCUAGAGAAAGGCUUUGGGAGGAUUGGCUU	..((((((((((((((...(((......))))))))))))).))))...	-17.3	0.015
111395537_111395606	GGCUCUGUGAAAGGAGACAGUUUGCAAACUACCAUGUCAUAUGUGGUGGUAGAUUUCACACUUUAAAAG	.((.((((........))))...))..((((((((((...))))))))))...................	-14.9	0.009000000000000001
111395017_111395066	GGAUUGCCAAUGUGAUGUCGUACUUACUUUGGUGGAUACAUUGCUUUCC	(((..((.(((((...(((.((((......))))))))))))))..)))	-12.3	0.0
111394817_111394866	AGGACUCACAAAACAAAGCAAGGCAAAAGCCAGCCUGCUAAAAUUGUGG	......(((((.....((((.(((........)))))))....))))).	-13.0	0.0
111394717_111394766	UUUCAGUGCUAGGGAAGGAUUAUUACUAAUGGGGGUGGUUAGCACUGGU	..(((((((((..........((((((......))))))))))))))).	-13.4	0.0
111394677_111394726	AGCACUGGUGCUAAAUGCCUUGCUAUUUCUUGAGUAGACUGAAGAGAUU	((((..(((.......))).))))(((((((.((....)).))))))).	-12.4	0.005
111393987_111394036	ACAGAUUUUUAUGUAGAUACAUGUCUUCAUUUAUCUCGGGUAAAUAUCU	..((((.(((((.((((((.(((....))).))))).).))))).))))	-10.5	0.0
111393787_111393846	UUAUCUUUUUUUUUUUAUUAGCUCCAUCCUAGUGGGUGUGAAGUGGUAUCUGAUUGUGG	...............(((((..(((((((....))))).))..)))))...........	-10.3	0.006999999999999999
111393157_111393206	AAAUAUGAACAGUGGUUCAUAUAGCCGAGUCCUCUGAAGGUUUUUAGAA	..((((((((....))))))))..........((((((....)))))).	-10.5	0.001
111393127_111393176	CCUCUGAAGGUUUUUAGAAUUUCUAAGAACUGUGGGUGUGAACUAAUGU	.(((....((((((((((...))))))))))..))).............	-10.2	0.01
111393057_111393116	UUCUCCUAUGCAGAUGUUGUGGAACAGUACUCUACUCUACAAUACUCUACAAUACAAGU	........((.((((((((((((..((....))..))))))))).))).))........	-11.6	0.001
111393007_111393056	CUCUACAAUACUCUAAGGCUGUAUCAGUAAGGCUGGCUUAGUCUUAUUU	.............((((((((..(((((...)))))..))))))))...	-10.6	0.001
111392507_111392596	AACAUUUUGUAUAAAUGAAUCAUAUUUUAUGAUUCAUGUAUAUAUGCUAAGUGACUAGCUUCUUUCACUUAGCAUAAUAUUUUCAAGGG	........(((((.((((((((((...)))))))))).)))))(((((((((((..........)))))))))))..............	-25.8	0.0
111392397_111392446	CCAUUGUAUGGAUAUACUACAUUUUGUUUAUCCAUUCAUUUGUUGAUGA	.......(((((((.((........)).)))))))(((((....)))))	-10.5	0.0
111392257_111392326	ACAUAUAUUUUCAUUUCUCUUGAAUAUAUAUCUAGUAAUAGAAUUGCUGGGUGUUGAGGUUUCUUGAUG	..((((((.((((.......)))).))))))((((((((...))))))))..((((((....)))))).	-13.4	0.002
111391977_111392026	UCCUAACCUUCCAGAAUCAAAGAUGCAUUCUAAACAGUUGGGACCUUCA	(((((((.....(((((((....)).))))).....)))))))......	-10.6	0.0
111391747_111391796	ACAACUUGGGUGUAGGGAGCCACAGCAGGUCUUCAUCAUUAGCCCAGUU	..((((.((((....((((((......)).)))).......))))))))	-13.0	0.008
111391677_111391746	UCAUCGACCAGGACAAUUUGCUGUCCAGGGGACACUUGGUAGAUAUAUUUUUGGUUGUCACAACUAGGG	....(((((((((.......(((.(((((.....))))))))......)))))))))............	-16.8	0.012
111391597_111391646	GCCAGGGAUGCUGCUGAACAUCUUACACUGCACAGAACAGCGCUUCCCC	....((((.((.((((.....................)))))).)))).	-12.6	0.001
111391317_111391366	UCACAGUUCCACAGGCUUAAUAGGAAGCAUGACUGGAAGGCCUCAGGAA	......((((..((((((..(((.........)))..))))))..))))	-12.7	0.0
111391257_111391316	CUAACAAUCAUGACAGAAGGUGAAGAGGAAGCAAGGACCUUCUUCACAUGGUGGCAGGA	((..((.(((((..(((((((...............)))))))...)))))))..))..	-14.1	0.004
111391207_111391256	AGAGAGAGCAAUGGGGAAGUGCCAAACGCUUGCAAACCAUCAGAUCUCA	...((((...(((((.(((((.....))))).)...))))....)))).	-12.3	0.001
111391167_111391226	UGCAAACCAUCAGAUCUCAUGAGAACUCACUCAGUAUCAUGAGAAAAGCAUGGGAAAAA	......(((((...((((((((..(((.....))).))))))))...).))))......	-14.7	0.0
111390907_111390976	UGGAAUGCAGUGGCAUGAUUUUGGCUCACUGCAAGCCUCAUCCUCCUGGGCUCAAGCGAGUCUCCCACC	.((..(((((((((.........)).)))))))..))..........((((((....))))))......	-22.2	0.044000000000000004
111390847_111390916	UCUCCCACCUCAGCCUCAGCUUCUUGAGUAGCUGGGACUACAGGCAUGGACCACCACAUCCAGCUAAUU	........(((((((((((....)))))..))))))......(((.((((........)))))))....	-18.4	0.001
111390587_111390636	AGACAUAACUAGUAGAGAGUCCAGAUAGAGGCUGUGUGGUAGUACAGGC	.......((((.((.(.((((........)))).).)).))))......	-10.8	0.033
111390407_111390456	UCUAUUGCUGUGUAGUAAGUUACCACAAACAUAGCAGCUUAGAACAACA	(((((((((((((.((........))..)))))))))..))))......	-11.2	0.0
111390267_111390326	AAGUCAAGGUGUCAGAUAAGAUAGGCUUUUAUCUGGAGGCUCUGGGAAUGAGUCUGGUU	...........((((((((((.....))))))))))((((((.......))))))....	-15.6	0.0
111390227_111390286	UCUGGGAAUGAGUCUGGUUCCAUGCUUGUUCAGGUUUGGGGCAGAUUUCAAUUCCCAUG	..((((((((((((((.(((((.((((....)))).))))))))))))..)))))))..	-23.9	0.0
111390177_111390236	AUUCCCAUGUCCUUCUUAGAUGUCAGCUGAGAAAUGUUUUCAGCUUCUAAAGGUUACCC	..........((((..((((....(((((((((...)))))))))))))))))......	-13.4	0.0
111389917_111389966	AAAAGCCCUUUUGCCAUGAAACAUAACAUAAUCAUGGGAAUGGCAACUC	....(((...((.((((((............)))))).)).))).....	-12.1	0.0
111389747_111389836	UGAGGGAAUUGGAGGACUCAGGUGGCUGAGGUUUAUGGUUCAGUUAUGUGGGUGGAUGGUGGGGCCACUCACUGAGGCAGGGAAAGCCA	...............(((((.(((((((((.(....).))))))))).)))))....((((((....))))))..(((.......))).	-28.8	0.0
111389607_111389696	GCCCAGGCUGGAGUGCAGUGGCAUGAUCCUUUCUCACUGCUGCUUCAAACUCUGGGGCUCAAGUGAUCCUUCCACUUUAGCCUCCCGAG	((....))(((((((((((((...((.....))))))))).))))))..(((.((((((.(((((.......))))).)))).)).)))	-33.4	0.0
111389497_111389556	CAUUGAAGUUGGGGUACUUUGCUACAUCUAAGUGGAGACUCCAGAAGGAGAAAGUGAUA	((((....(((((((.(((((((.......))))))))))))))........))))...	-13.6	0.0
111389367_111389416	UCAGGUAAGUAGAUGAGCUUACCAAGGGUGCAUGUGAGAAAUUGUCCAA	...(((((((......)))))))...((.(((..(....)..)))))..	-10.7	0.002
111389297_111389346	UGCAUUAAAUGGGUGGGUAGGCAUAAGAGCCCAGGAAUUGCUAGAGAAA	.(((.....(((((...((....))...))))).....)))........	-10.9	0.018000000000000002
111389197_111389256	AAGGCAGGUGCGGGCAGCCGUGUCAAAUGUAGCAGACAGGGUCUGUUUCAGAUAAAGAU	..((((.(.((.....))).))))...((.(((((((...))))))).)).........	-16.2	0.0
111389107_111389156	CCUUAUUGCUGGGAACAGAAAGCAAAAUUCUCCAGUAGACCAGAGGGCA	((((.((((((((((............))).)))))))....))))...	-10.6	0.048
111388997_111389046	CUGUUGGAUCUGUUUCUUGGCAGCUUCCCAUGCUCCAGAUCUAUCAAAA	.((.((((((((.....(((.......))).....)))))))).))...	-12.5	0.0
111388847_111388896	AUAACAUAUAGAGCUAGCCCUUAGUCCAAGUGUGUGCUCUUGUCUUAUC	((((.(((.(((((..((.(((.....))).))..)))))))).)))).	-10.1	0.002
111388777_111388846	UAUCACUUAAAGUCCUAACUCAGAUAAAUCAGACAUUUUCUGAGUCUGAUUUUCUCAAAGCCUUCAUCA	.....................(((.(((((((((.........))))))))))))..............	-10.9	0.0
111388527_111388576	CCUGCUUGUGUUUAGACCAGUAUUCCCCAAACUUGUUUGAACACCAAAC	.......((((((((((.(((.........))).)))))))))).....	-11.8	0.0
111388117_111388166	UAAGAGGUUAGGAAAAUCCUAUUGAUCAUAGGCAUUAAAGUCUGGCUUC	...(((((((((..((((((((.....))))).)))....)))))))))	-11.9	0.0
111388077_111388136	GGCAUUAAAGUCUGGCUUCUCUAGCCUUAGUGGUAAAGAGGAAGUAAUAUCAAUUGCCA	((((..........((((((((.(((.....)))..))).))))).........)))).	-15.9	0.0
111387787_111387856	UGGCUCGCACAGCAUGAUAAUAUCCCUUAAAAGAGGUUUUGAGCCAGAGACCAGCACCUCUCUAAGUCU	.(((((((...))...........((((....))))....)))))(((((........)))))......	-13.7	0.046
111387547_111387596	UAGGUGAACUUCCUCUUGCUUUUGCAAAGAGAAUGGAGCCUUGCCUUGC	.((((((.(((((((((((....)).)))))...))))..))))))...	-13.3	0.006999999999999999
111387507_111387566	GAAUGGAGCCUUGCCUUGCUUGGAGUUUCAAGUGUUUGACUUGUCUCCUGUUGGGAAUU	.............(((.((..((((...(((((.....))))).)))).)).)))....	-14.4	0.045
111387327_111387386	UCUGGUGGGCCCUAGGCACUUUUGCCUUUGUGGAUCUCUUCCUCCACUAAAAAACAAAC	..(((((((....(((((....)))))....(((.....))))))))))..........	-14.2	0.003
111387167_111387236	AAAGAAAUUAAACCCUUUUCAUGGGUCCAUAACAGUGCUGUGGGCCCUAGGCACUUUGCCUACCAUACU	...((((.........))))..(((((((((.......)))))))))((((((...)))))).......	-21.1	0.0
111387107_111387176	UACCAUACUUAACAGAUAAUCAGCCCUGGAUAUACAGAGCUAUCUGAUUUCUGGGCUGGCAUUGUGAGG	.......((((.(((....(((((((.(((.((.((((....)))))).))))))))))..))))))).	-20.7	0.0
111387077_111387126	CUGGGCUGGCAUUGUGAGGUCACAUGGGCUAAGCAAUGAAUAAGAAUGG	(((..((..((((((..((((.....))))..))))))....))..)))	-11.0	0.009000000000000001
111386917_111386966	UACCCGCUAUUCAAAGCAUGGUAAUAAAACGCUGUCAAUAGUCGGCAUU	((((.(((......)))..)))).......((((.(....).))))...	-10.3	0.005
111386887_111386936	GCUGUCAAUAGUCGGCAUUUUUUUCUGGCUCGGUGGACUCAGAGUUGGG	((((.(....).))))........(((((((..........))))))).	-11.7	0.028999999999999998
111386687_111386746	UUGAUUAGCAAUGGGAUGAAUUACUGCAGUUCAUCCAGAGAAAAGAGGGUAGGGCUGGU	...((((((..(((((((((((.....))))))))).............))..))))))	-12.6	0.009000000000000001
111386497_111386546	UCUGUUUCCUAACGGUUUACCAAUAAACCCUAUCUGGAAGCUGGUGGUG	...((((((....((((((....))))))......))))))........	-10.9	0.01
111386347_111386406	GUAGAUAUUUUUCUGGCUUGGUCCGGGGCUGGCACUUGGACUCCAGAGGAAAUAACUGU	.(((.(((((((((((...((((((((.......))))))))))))).)))))).))).	-21.0	0.0
111386207_111386256	GCUACUCCACAGGGACCUUGCUGAGACCUGAGGUCAGACAGCAAUCAUU	.....(((....)))..((((((.((((...))))...)))))).....	-12.8	0.006
111385837_111385906	UGAUUAGAGUUUACAGUCUCUAGGAAACUUCCCUUUGGAAUACAAAGGAGAACCUGAUUUCCCUUCCUU	....(((((........)))))(((((((((((((((.....)))))).)))...).))))).......	-16.6	0.003
111385557_111385606	CUGGCUCACUGCAAUCCCUGCCUCCCAGGUUCAAGUGAUUCUCCUGCCU	..((((((((......((((.....))))....))))).......))).	-10.7	0.006
111385487_111385556	AGCCUCCCGAGUAUCUGGGAUUACAGGUGCCUACCACCACACCUGGCUAAUUUUUGUAUUUUUAGUAGA	....(((((......)))))...((((((..........))))))(((((...........)))))...	-15.8	0.013999999999999999
111385437_111385486	ACGAGGUUUCACCAUACUGGCCAGGCUGGUCUCAAACCCCUGACCUCAG	..((((((..........(((((...)))))..........))))))..	-13.5	0.001
111385367_111385416	UCCAAAGUGCUGGGAUUACAGGUGUGAGCCACUGUACCCAGCCAAGAAC	......(.((((((..(((((..........))))))))))))......	-15.6	0.0
111385227_111385276	UAGGACCAGAAAACCCAACAUAUUUAUUAUAUGGGCUUUUUGUGGUCAG	...(((((.((((((((..(((.....))).))))..)))).)))))..	-14.4	0.0
111385117_111385166	CUCACACAGUUUGUGAGGGCUGGCAAAUCCAGGGCAGGCCAGCAGGCUG	......((((((((..((.(((.(........).))).)).))))))))	-19.0	0.001
111384207_111384296	ACGCACUUAGAUUAGGGCCAGGUGGAGGCUAAUUCAUGAAGGCCUUCUAAUGGAGGAGAAGGUAUAGUGAGCUCAACAGAGGAAGGCAA	..((.(((.......((((.......))))..(((((....(((((((........)))))))...)))))(((....))).)))))..	-21.6	0.0
111383787_111383836	ACCUGACUCCAGACUAAUUACAUCAAAAUCCUCUGGAGCUGAGACCCAG	..((.((((((((..................))))))).).))......	-10.2	0.0
111383557_111383606	CUUUAGAGCUGUAGACAUCAAAAUACCUGUGAAGGUGCUCUGAAUAACA	.((((((((...............((((....)))))))))))).....	-11.1	0.0
111383217_111383266	AUAGCUGGGGGUGCUGUUAGUCUAGUUCUAGCAUAUUUCUAGCCUACAU	...((((((((((.((((((.......))))))))))))))))......	-16.3	0.0
111382577_111382626	ACAUGUUGUUUUUACAAAAUCAAUGCUUGAGCCACUUGUGUGAACAGCU	....(((((((.(((((..((((...)))).....))))).))))))).	-10.6	0.006
111382397_111382456	UGAUAAAAGUAUUUUGGGAUAGCACUUGUCUAAAGCAAUGUUUCCCAAACAUGGCUGUG	.......(((..(((((((.((((.((((.....)))))))))))))))....)))...	-13.9	0.0
111382277_111382326	CAAUUCUGAUAACAUCCAGGUCUAGAAACCACUGGCCUCAAUGUUCUCU	.......((.(((((..(((.((((......)))))))..))))).)).	-11.6	0.0
111382157_111382206	GUGGGCCAGAAGACCAAAGAAGGCUAGAAGGUAGUGGUCCUCAAUGUGU	(.((((((....(((..............)))..)))))).).......	-11.8	0.017
111382017_111382086	GAUCUACUGAAUUCAAAAUGGGUGGGGCCCAGCAUUCUGGGUUUCAACAAUCUUUGCCAGUAAUUCUGA	((..(((((....((((((...((((((((((....))))))))))...)).)))).)))))..))...	-19.3	0.001
111381657_111381706	UACGUCUUAAUAGAGACAUUUCCAAUUUGCAAGUAAAUGUUGGAGAAUG	...(((((....))))).((((((((.(........).))))))))...	-11.1	0.0
111381137_111381186	GUUUGGAAUAUAGAAAAGAGAAAAAAAAAAGAAAUUAUAUUCCAAGCAG	((((((((((((.......................))))))))))))..	-12.3	0.0
111380377_111380436	GGGAAAAAAGUAGUCUUUUCAGCAAACAGUGCUGGAACAACUGGAUAUCCACAUGGACA	.(((......((((..((((((((.....))))))))..))))....))).........	-14.2	0.0
111379057_111379106	CUGCUAUAACGAACUACCUUAGACUAGGUAAUUUAUAAAAAGCAGACGU	(((((.....(((.(((((......))))).)))......)))))....	-10.9	0.0
111378907_111378966	AGGAAGACUGUCCUCACAUGGCAGAAGGCAGAAGGGCAAGAGAGCCUAAUGCUAUGUGA	((((......))))(((((((((..((((..............))))..))))))))).	-21.8	0.0
111378707_111378786	AUUCAUAUCUUAGCAGCAGUCAAUUCAAAGCACAUGGGAGUGCUUUGACCUUGUUUCAGGGCAGUGGACUUGCAGACAG	...............((((((...(((((((((......)))))))))(((((...))))).....))).)))......	-20.9	0.0
111377837_111377886	AGUUUCCACAGUUAUAUUAUGAAGACAAGUGUUUCUAGUGGAAGGAGAG	..(((((((((..(((((.((....)))))))..)).))))))).....	-11.0	0.0
111377697_111377746	AUUGACAAUGUACAUUGAAGAGUGAAAAUGUGUUCCAUUGUCAAAAAAU	.(((((((((((((((..........))))))...))))))))).....	-12.7	0.0
111377647_111377696	AAAACCAUGUGCACCAUCCAGAGUAUUUGGCAUCUCUGGGAAGCAUUCC	........((((....(((((((..........)))))))..))))...	-11.6	0.006999999999999999
111377597_111377656	AAGCAUUCCCACUCCUCCUUCAACCCUCUCAUUUUCACACGUAGGAGUGGUAGGUAGAG	...........(((..(((...(((((((.((........)).)))).))))))..)))	-12.1	0.008
111377517_111377566	CAGUCCGAUUGGGAAAUUGAUUCUCAACAGGAAGGGACUUCGAUCUCUG	...(((..(((((((.....)))))))..)))(((((......))))).	-13.1	0.034
111377327_111377376	UGCUAGGUAACAAUUUCUCAGCACAAAGAACCUUCAGCUGGGAAGGUCA	(((((((........))).))))......((((((......))))))..	-11.3	0.011000000000000001
111377237_111377296	UUUUAUUUGUCUCCUCUUGUUUUGGUUAAUCACAGGGCAGGGAACCAAAAUCAAACUUU	.....((((..((((..(((((((........)))))))))))..))))..........	-11.8	0.0
111377177_111377236	CAUAGAAAUGAGAGAUACUGGAGGGUACCAGUUUAGCUGCUGCUGAUUUUUUGCAGCUC	..........((..(.(((((......))))).)..))(((((.........)))))..	-14.8	0.022000000000000002
111377137_111377186	UUGCAGCUCUUCAAAUCACAGCCUUUUUACGCUGGCUCAAUAGAGCCCC	.....(((((........((((........)))).......)))))...	-11.6	0.0
111377047_111377116	GUGGAGGCAGGAGGAGGAGGGGUCAGGUGUUUCCUAGCCUCUUUAGUGCCUCAGGCAGGAAGGACAUAG	((.((((((.((((((((((((........)))))..)))))))..))))))..)).............	-24.4	0.024
111376687_111376746	AUGAGUAUCACCUGGGAAUUUGUUAGAAAUGCAGAUUGUCAGGCUUCACCUCAUGCCUU	(((((.....(((((.(((((((.......))))))).)))))......))))).....	-17.8	0.0
111376517_111376566	GCUCUUAUUUUCAUUGGUUCUGCUUACUGAUCAGCAAGCCCCAGUGGUC	..........(((((((..(((((........))).))..)))))))..	-10.6	0.006
111376297_111376356	CUAAGGUCUAUUUUGCCAGCAGGCUGGUGCCAAGGUGAAGGUUUCUGCAAGAAUCAGCA	..........((((((.((.(((((..(((....)))..))))))))))))).......	-10.9	0.001
111376197_111376246	CUGUGCGGGGUGUGUUACUACACAGGAAUAACUGGCUAAGGACACACCU	.......(((((((((......(((......)))......)))))))))	-17.1	0.0
111375697_111375746	UGCCUUUCUCUUGUGCUUUUCUAGUGGAGGAGCAGAGAAAGGUACUCCU	(((((((((((...((((((((...))))))))))))))))))).....	-22.5	0.0
111374817_111374866	GUUAACAAUAGCAGCAACUGUUACCACUCCUCCCUAGGACUGGCAGAAC	........((((((...))))))(((.((((....)))).)))......	-10.1	0.009000000000000001
111374517_111374616	UGGGUGAACUCAACUGGAAGGCAGAUAACCUGGCUGCCCAAGAUGAGUAGCCUGCAGCAGUCACCCUGCUGCAAAACUGAGCAUAUCAAGAGACAGUGA	.((((..(((((.((((.((.(((.....))).))..)).)).))))).))))(((((((.....)))))))...((((..............))))..	-32.6	0.0
111373587_111373646	GACUCUCUUCUUGGCCAGGAGUUGAUCCUGCCUAAUGUUAACUCUUGGCAUGUCUGACA	(((..........(((((((((((((..........)))))))))))))..))).....	-17.8	0.0
111373407_111373466	ACCAUCCCUAAAAUACUUGAAUCUCUAGGUUGAGAGUCAAGGUAUCCACAGGCAAAAUC	......(((...((((((((.((((......)))).)))).))))....))).......	-12.0	0.001
111373317_111373366	CAAAUAUCUUCUAUCUGUUCUGUGGAAUCAGGGACCAGGGAAGGGAUUU	.((((.((((((..(((.(((.((....)).))).))))))))).))))	-12.7	0.006999999999999999
111373227_111373286	UCAUCCCUAUAUCUAAAUGGUGUGCUCAGCCCCUCUGGGGCUAGAAGGAUAAUGAUAAA	..((((.((((((.....)))))).((((((((...)))))).)).)))).........	-15.6	0.011000000000000001
111373137_111373186	AAAGUGUCAAAUCAUAGUAGUGAUUACACUGGGGACAUUAACUCUAUGG	..(((((..((((((....)))))))))))(((........))).....	-10.0	0.006999999999999999
111372627_111372686	AUAUCCAUCUUCUGCCCUGCCCAGGGCAUGCCACUCUCUUCUUGGUGCCAAACAACUAU	............((((((....))))))((.((((........)))).)).........	-12.0	0.008
111372577_111372626	AUCUAACCUGUGAGGGUAGGCUAUUAGACUGAGUGGCCCAAUAGGGGAG	..((..(((((..((((..(((.........))).)))).)))))..))	-14.1	0.006999999999999999
111372457_111372506	ACAGCCACCUCGAAUGGGGUGUGGAUAAUUGCCCAGUACAAUGGGAUUU	....(((((((.....))).)))).......((((......))))....	-14.5	0.011000000000000001
111372377_111372446	AAGGGUAGCAUAAUGUAGCUUGAGUGAGCUCCAGCCCUGCCCAUUCUCUCGUUCUGUGGAGAUGUUAAU	..((((((.....((.(((((....))))).))...))))))....((((........)))).......	-19.1	0.0
111372257_111372326	UUUCCAGCAACCCUUUGUUUGAGCGACUGCAGCACAGCUGCAGAACAGAGCGUCAGGGAGCUGAAUGUG	....((((..((((.(((((......(((((((...)))))))....)))))..)))).))))......	-24.5	0.0
111372217_111372276	CGUCAGGGAGCUGAAUGUGUUAAUGGGGAAAAAAAAGCGCUUCCCCCAGUUCUUUAUUC	....(((((((((...........((((((..........)))))))))))))))....	-15.4	0.002
111371907_111371966	UGUGUGUGUGUGUGUGUGUGUGUGUGUGUGUGUACACAUAUAUCUAUAUAAUACUGUAU	...((((.((((((.(((((((((((......))))))))))).)))))))))).....	-17.3	0.0
111371327_111371416	CCAAAAGGCUCCACUGCCUCAAUUACAGAAGGCUGAGGAAGUGGAAUUUGCCUAUCACCCUUUAAGGCAUUUUCCACCCUGGCUACAAC	.....((((......))))...........((((.(((..((((((..(((((...........)))))..))))))))))))).....	-28.7	0.0
111371157_111371206	CAGGUGUAUGUAUGUCACAAAACUAAAAAUAUCAAAUGACAUACUUACA	....((((.((((((((...................)))))))).))))	-10.8	0.0
111370767_111370816	AGCCUGGAGUAGGGAACAUGUAUUUUUUUUUUUUUAAAGCUCUCCAGGU	.((((((((.((...........................))))))))))	-13.0	0.001
111370237_111370286	AUGCCUAUCUCAGAGUUCCAUCCUCUCAAGACUCUAAGAUUGGCUAUUA	..(((.((((.((((((............)))))).)))).))).....	-14.0	0.0
111370077_111370126	ACUAAGCAUAGUCAAAAAGAGAUAUAUUUUGUCUUUGGGUAUGUUUUGG	.(.(((((((.(((....((((((.....))))))))).))))))).).	-12.3	0.0
111369857_111369906	UCUAUAGAUAGCUGCUAGAGAACAAAGCAAAGUUAUCUACUGAGGCAGG	((..((((((((((((.........)))..)))))))))..))......	-11.5	0.006
111369607_111369656	GAUUAUGUGAUUUGCAGUGUGCCAGUCGUAGGGCCACCACUUUUUCACA	.....(((((...(..(((.(((........))))))..)....)))))	-11.8	0.038
111369547_111369596	AUGGUACCUGAAAACACCCCUUUUGGGACCAUCCCCUUGGAUAAUGCAG	..(((.(((((((.......))))))))))((((....)))).......	-10.6	0.012
111369317_111369366	CCAUGGAAUUGUAUAAUUUUCAUAAGUGAAUUGUAUAGUGUAUGUGAUG	.((((..((((((((((((........))))))))))))...))))...	-10.6	0.0
111369267_111369316	UUAAUACUGAGGGUCAACUUGAUUGGAUUUAAGGAUGCAAAGUAUUGAU	((((((((..(.(((..(((((......)))))))).)..)))))))).	-12.6	0.0
111369187_111369236	GAGAUUAACAUUUGAGUCAGUGGGCUAGGAAAGGCAGACUCACUCUUAA	.............((((.(((..(((......)))..))).))))....	-10.1	0.035
111368617_111368676	AAGAGAUACAGGGCAAGAAGUGGAAUUCAUCUUCCAUUUUUUAACUCUCUGUAAACUCA	..(((.(((((((.(((((((((((......)))))))))))....)))))))..))).	-19.1	0.0
111368077_111368126	CAGAAAUGGCAGGCCUAGGACCUAGAACCUCUGUUCCUAGGUCUGGGAU	.........(((((((((((..((((...)))).)))))))))))....	-20.0	0.0
111368037_111368096	CUGUUCCUAGGUCUGGGAUCAUGCUAGUUGAACACACAAGUAGUAUGGUUUCAAACAUG	..........((.(((((((((((((.(((......))).))))))))))))).))...	-19.5	0.0
111367887_111367936	AGACUCUAAGGAGUGGGUCAUGAUGGUUUGGCUAACUUGGGGGAAAAAG	...(((((((.....(((((........)))))..))))))).......	-12.4	0.0
111367837_111367886	GCCCACCACUGGGGCAAGAUGAUGCCAACUAAGAGGUUGGGGGCUAACA	((((.(((((..((((......))))........)).))))))).....	-15.9	0.003
111367747_111367826	AUUUUUCUCAGUUUUGCUCUAGACUUCCCCUGGCUAUGACCAUGGCCAGCAAUUCCUAGACUUGGAAAUAUAAAUUGAG	......((((((((...(((((.......((((((((....))))))))......)))))...........))))))))	-18.1	0.0
111367507_111367566	GCAUUUUACAGCAGAGCAUUAUCUCUAUUGGAUGCCAAUUGGAGGUAGUCCAGCAUUUA	((........))...((((((((((((((((...)))).))))))))))...)).....	-14.3	0.006
111367167_111367216	GUUCAGCCUAUCUCUGCUCCCUCAUGGCACCAGAGAGUAAAGAACCAGA	((((......((((((...((....))...)))))).....))))....	-12.3	0.012
111367067_111367126	ACUGCAGAAACCUGGACCAGAUGAGAAUUUUUGGAGUUUGGGGAGCAGGAAAUUUACAU	.((((.....(((((((((((........)))))..))))))..))))...........	-12.9	0.0
111366907_111366966	ACUCACGAUACUAUUCUCAUUCUCCAUAUCUUACUGGAUUUUGGAGGACAAGCAUGGAU	..........((((.((..(((((((.((((....))))..)))))))..)).))))..	-14.7	0.0
111366837_111366886	GUGCUCAAAAUGAGGAGUGUUGUCACUGCCUUUAUAUUUUGAUUCCUGA	....(((((((((((((((....)))).))))...))))))).......	-12.1	0.0
111366777_111366826	CUCUGGAAGUUAUGUGGUAAAUGGAUUUUAGACUAAGUCACUCCAGAGU	(((((((.((.((.((((.((......))..)))).)).))))))))).	-12.5	0.001
111366647_111366736	AACACUCAUUAAAUGUUUCUUAAGGUUAGGCCUGACACCUGGCAUUGACCUCUCCUUGUUCCUUGGGAAUAUAAGCAUUGAGGUCUCGG	.((.((((....((((((....((((((((((........))).))))))).....((((((...)))))).)))))))))))).....	-20.7	0.013999999999999999
111366597_111366646	CUCUUGUCCUCAUCAGGCAAGUGCCAUCUUUUCCAUGGCUUAUCCUUAU	..((((.(((....))))))).(((((.......)))))..........	-10.5	0.0
111366257_111366356	AUCCCUGUUUUCUGACACAUGAUCUGAAAUCAGUCUACAAUGUCAGGGGAAGAAGCCUGGCUGUUACUGUUUAAUUGCUUUAAUGGUGAUGUCAGAUUA	.((((......((((((...((.(((....))))).....))))))))))......(((((.(((((((((..........))))))))))))))....	-24.8	0.002
111365987_111366066	CAAUGGUUCUCAACCAGGAGCAGUUUUGUCCAACAGGGGACAUUUAACAAUGUCCAGAGGCAUUUUUUAUUGUCAUGAC	...(((((...)))))(((.((....)))))......(((((((....)))))))...((((........)))).....	-16.7	0.019
111365917_111365976	UACUGGCACCUAGUGGGUAGAGGCCCGGGAUGCUACUUAGCAUUCUACAAUGCACAGGA	..((((((......((((....))))((((((((....))))))))....))).)))..	-18.5	0.040999999999999995
111365727_111365776	AAGAAAACACACCCACUUAUAAUAGUGGAUUUGUCCAGGUGGCAGGACU	............(((((......)))))....((((........)))).	-11.8	0.0
111365417_111365466	CUUGAGAGGACGGAUACCCCAUUCUUCAGGAUGUGCUUUUUUUCACAUU	(((((.((((.((.....)).)))))))))(((((........))))).	-10.9	0.0
111365387_111365436	AUGUGCUUUUUUUCACAUUGCAUGAUUGUAUCAGAGCAUCUCAUGUACC	(((((........)))))(((((((.(((......)))..)))))))..	-10.2	0.006
111365157_111365206	AGCUCAUACCUGUAAUCCCAGCACUUUGGGAGGUGGAGGCAGGUGGAUC	...((.(((((((..((((((....)))))).......)))))))))..	-15.5	0.009000000000000001
111364997_111365046	GGUGGUGUGCGCCUGCAGUCCCAUCUGCUUGGGAGGUGGAGGUGGGAGG	.......(.(((((.((.(((((......)))))..)).))))).)...	-18.8	0.008
111364957_111365006	GGUGGGAGGUUCUCUUCAGUCCAGGAGGUGAAGGCUGCAGUGAGCCUCA	.....(((((((.((.(((((((.....))..))))).)).))))))).	-18.6	0.0
111364897_111364946	CACCAUGGCACUCCUGCCUGGGCAACAGAGUGAGACCCCGUCUCAAAAC	..(((.((((....))))))).........((((((...))))))....	-14.8	0.001
111363447_111363536	ACAGAACAAGGCUUUGGCCAGAUUGGGUAUGGCUAAAUCAGGCCAUACCCAAUCUGGCCUUUCUCAUCCCCUGCAGCACUGUUGGUUGC	...............(((((((((((((((((((......))))))))))))))))))).............(((((.(....))))))	-43.7	0.0
111363387_111363436	ACACCCUCUUGAACUGUUUUCUUGGGGCCUUGUUCUCUGCUGGAGGACU	....((((..(((.....)))..))))....(((((((...))))))).	-12.7	0.013999999999999999
111363167_111363226	AGGUGUCAGGGAAAGGGCAGGGCUUUCUGUCCCUUAGCCUGAGUUUAGGCAGGUUAGGC	.....(((((..(((((((((....)))).)))))..)))))((((((.....))))))	-20.6	0.0
111362837_111362896	AGCACAGGUAUCUAUCACAUAAGUGCUAAUAAAUAGCAUUUGUUGACUAAAUAAACAAA	..............(((.((((((((((.....))))))))))))).............	-10.5	0.0
111362657_111362706	GACUCUACAGUCCACCUUUGCAUAAGGCUGUCUCUAGCCCCAGGCAUCC	((((....))))......(((....(((((....)))))....)))...	-10.8	0.015
111362587_111362656	CUGAAUCUGCCAACAGUGCCUUCUAACCUAGGAAGGUUGGGAAUGACUGAGGAUGAAACCUGCCUUUGA	.............((((...(((((((((....)))))))))...))))(((......)))........	-16.2	0.037000000000000005
111362517_111362576	UUUCCCAUGAUCUCAAAGCCACUGUCUUCUCCAAGACAGAUGCUCAUUAGCAGGCACAG	.................(((.(((((((....))))))).((((....)))))))....	-12.8	0.0
111362427_111362486	AACUACGCCAAUGAGUUGUGGAGCUAGGAUGGUGGGGGAACUGAAUGGCUUGGGGACUG	..(((.((((.(.((((.(...((((...))))...).)))).).)))).)))......	-15.3	0.0
111362327_111362376	AAUUGCUCCAGUGAUAUAUUGCCAAUAUAUCACUUUUGAAGAGAAUUGA	((((.(((.(((((((((((...)))))))))))......)))))))..	-10.1	0.0
111362217_111362266	GAUAGUAUUUUGAGGAAACUUCGACUCAAGCUCUGAUUCAAGGGCAUUC	.........(((((..........)))))(((((......)))))....	-10.7	0.002
111361757_111361806	AUUCAUUGAGGGACAAGAACAAGUCUGCUAUGAUAAGGGUAAACCCUAG	..((((....((((........))))...))))..((((....))))..	-10.8	0.001
111361567_111361626	AUUUGGGAUUGGUUUAUUUUUCCCUUUUUACAGGGAGAUAGUUCCCAAUAGACCUAAUA	..((((((((((......(((((((......)))))))......)))))...)))))..	-16.2	0.0
111361397_111361446	AACUUUUUGAGGCUAAAGAGUAAACUUUAUGGGAUCACCCAGUCUCAUG	.......(((((((((((......)))))((((....))))))))))..	-11.0	0.005
111361087_111361146	AGCACUUUUCUGUACACUGAUAUCAGUGUUUCUCAGCCAAAGCUGUUUUGCCCCUCAAG	.(((((((.(((.((((((....))))))....)))..)))).))).............	-10.4	0.008
111361057_111361106	AGCUGUUUUGCCCCUCAAGGGGACAUUUGGAAAUAUAUAGAGACAGUUU	.(((((((((((((....)))).))...............)))))))..	-11.6	0.006
111360907_111360966	AACAAAAAAGAAUUAUGCAGCCUCCAAUGUCAGGAGCACCGAGGUUGAGAAAACUUCAU	.................(((((((...(((.....)))..)))))))............	-10.1	0.013000000000000001
111360087_111360136	CAGCUGUAUAAUAUUCUAUAGUAUGGAUAUAUUGUAGUUUAUUAAACAA	....(((.(((((..(((((((((....)))))))))..))))).))).	-12.4	0.0
111359807_111359856	ACUACUCAUCAACCUGCAAAUUUGUACUAGUCUGGUGGGUAAACAAUAA	..(((((((((((.((((....))))...)).)))))))))........	-11.5	0.0
111359457_111359506	UCGGUUUUGGGUCUUGCUGAAGAAUGCCUUUCUUACCCAAAGAUGAUAA	(((.((((((((.......(((((.....))))))))))))).)))...	-11.5	0.002
111358477_111358526	UAGAGUUAAACAGAAUAAGGCAAAUUCUUCUUCUACAGGAUAACUCUGG	((((((((..(((((.((((.....)))).))))...)..)))))))).	-11.0	0.0
111358187_111358246	UGCACACAAUGCUUCUAUCAAUGUAGUCUAAGACUGCAAUGUUAGAGCUAAAUGGUUUA	.((.((....(((.(((.((.(((((((...))))))).)).))))))....))))...	-15.5	0.0
111357957_111358016	AUCUCUACUAAAAAUACAACAAUUAGCCGGGCGUGGUGGCACACGCCUGUAGUCCCAGC	...........................((((((((......))))))))..........	-15.0	0.032
111357817_111357926	GAACCCAGGAGGCAGAAGUUGCAGUGAGCCAAGAUCACAUCACUGCACUCCAGCCUGGCUGACAGAGUGAGACUCUGUCUGCAAAAAUAAAAAUAAAAAAUAAAAAGAG	.........((((.(.(((.(((((((............)))))))))).).)))).((.((((((((...)))))))).))...........................	-32.8	0.0
111357707_111357756	AGGCUGGAGUACAGCGGUGCGAUCAUGGCUCACUGCAGUCUCGACAUCC	((((((.(((..(((.(((....))).))).))).))))))........	-17.2	0.013000000000000001
111357637_111357686	CCUCAGCCACCUGAGUAGCUGGGACUAGAAGCAUGCACCAUCAUGCUCG	.((((((.((....)).))))))......((((((......))))))..	-15.2	0.0
111356857_111356926	AUUUUGUAGAAACAGGAAUCUCGCUAUAUUGCCCAUUUAUAUAGUGAGGUCUCAAACUCCUGGCCUUAA	............(((((((((((((((((.........)))))))))))).......))))).......	-18.6	0.0
111356757_111356816	UAAAUCUUGAUUCUGUCAUUCAACAUCAAUCUUUUGAUUGAUUUUGAUUCUUUUGACAG	............((((((.((((.(((((((....))))))).))))......))))))	-14.5	0.0
111356357_111356456	UUCCCUAAGGAUCUUCUGUAUUCUCUGCAUCCCCAGGCCCUGAGCCUGGGACAGCAGAUUGGUCUGCUGUGACUGCUUACUGAGAAGGAAUGUGAGGUU	...(((.....((((((.........((((((((((((.....)))))))((((((((....)))))))))).)))......))))))......)))..	-33.1	0.003
111356297_111356346	CAAUGACAAGAGUGCUGUGAGGGGUUAAUGAUUUCUGCCAUGGACUCUG	........(((((.(((..(((((((...)))))))..)).).))))).	-12.3	0.008
111355957_111356006	AUUUUCCAAGAACUUUCCAGGUGGUGGUGACUCAUUUGGAGAAAAUGGC	.....(((.....((((((((((((....)).))))))))))...))).	-12.9	0.02
111355877_111355926	UUGUAAUGGUCAGGGGCCAUGACUAGGAGAUCUGUUUCUUGGAAAAAGU	.....((((((...))))))..((((((((....)))))))).......	-11.4	0.027000000000000003
111355807_111355856	GAGGCUGAAGUCAGGAUGGCCAAUAAAUGUGUUAUUGACAGAAGCCUGG	.(((((...((((..(((((((.....)).)))))))))...)))))..	-14.1	0.0
111355777_111355826	GUUAUUGACAGAAGCCUGGCCUAGAAAGUGAGCCAAGUCUAGGAAGGCA	.............((((..((((((............)))))).)))).	-13.2	0.024
111355387_111355436	UGUAUUUCAGGCUGUAUAUGUUUGAAAAAGAGAGGAUAUCAGCUAUGUA	.........(((((.((((.(((........))).))))))))).....	-10.3	0.0
111354807_111354866	ACAGUGAGAAGGGGGCCUUUGGCCCUCCAACAGGUUGUCCUGCUGCUAUAAACCAUUGA	.(((((....(((((((...)))))))((.((((....)))).))........))))).	-19.8	0.044000000000000004
111354717_111354766	UAUAAAAAGGGGCUGCUUUGCUUGAAGUGGAAAGCUUUGAGUUGAGCUC	..............((((.(((((((((.....))))))))).))))..	-13.7	0.0
111354567_111354646	GCAUUCCUGCUGAAACUUGCCACUAGUCCUGCCUUUCUGUGUGGGAGGUGGGAUGGAUUUGGAGGAUAAAAAGAAAGGC	....((((.(((((.((........((((((((((((.....)))))))))))))).))))))))).............	-22.4	0.005
111354437_111354486	CUCUUUGAGGGUUGUGACAGAAACUCUCUUUAACACAGCCAUCAGCCUU	....((((.(((((((..(((.....)))....))))))).))))....	-12.3	0.004
111354207_111354256	UUUAAGGGAUAUGAGAAUGUCCGCUAUUAGAGAUUUAUUCUCUCAGAUU	....((((((((....)))))).))...(((((.....)))))......	-11.7	0.0
111354147_111354196	CUUUCUAGGUAUCCACAUCUUACCCAGGGUUGGGGGAAUGCCUAGAGAG	((((((((((((((........((((....)))))).))))))))))))	-20.6	0.0
111353967_111354016	ACGAGCUUAAUUGUGUAAGUACACAAUCCUUAACAGGCUCAAAAAGUAA	..((((((.(((((((....))))))).......)))))).........	-10.7	0.0
111353797_111353846	ACAGAAGUGACUCAAAUGAGAAACUUCCACCAGACUAAUGGCUCUUUGA	...(((((..(((....)))..)))))..(((......)))........	-10.2	0.002
111353557_111353606	AUAAAAAGGAUAGUUACUACUAUGCCAGGAAUGUGAAAAGUGCUUCACA	.......(((((((....))))).)).....((((((......))))))	-10.0	0.002
111353507_111353556	GGACAGAGAAAAAGACAGUAGAUUUCUCUCUAUCUUUUUUUCUUUUUGC	....(((((((((((.((.(((....))))).)))))))))))......	-12.6	0.0
111352737_111352816	UUCACUGACAGUCACAGGAGGAGCAACUCUUGUGCUAGCUGAUAGUUCAUUGAGUUGUUUCUUCCCUGGGGCUGGCACC	.....((.(((((.(((((((((((((((.((.((((.....)))).))..)))))))))))..)))).))))).))..	-32.0	0.0
111352637_111352686	ACCCUAUUUGGUGUUCCCUAAUGAAAUGAGUACAGCAGUGUUGUACUGA	....(((((.((........)).)))))((((((((...))))))))..	-10.8	0.0
111352537_111352596	CAGGACUAGAACAGCUUGCAAAAACCAGAGGUCUAGGCAGGCUGAGUCAUUAACCAUAC	...((((....((((((((....(((...)))....))))))))))))...........	-17.7	0.0
111352357_111352406	AAGCCUGCUGAGAUGGAGCUGGUUCUUGGAGUGGUCAGCCUGGGAUUCA	..(((.(((.......))).)))((((((.((.....))))))))....	-10.9	0.008
111352227_111352286	UCUUGACAGGCAUCAAAUGCCCUAGACAGGGCUUCUCAACCCUGGCACUAUUGACAUUC	...((.((((........(((((....)))))........)))).))............	-13.7	0.001
111352177_111352226	GGCCCAGAUAAUUCUUUGUUGUAGGGAGCUGUCCUGUGCAUUGUAGGAC	(((((..(((((.....)))))..)).)))((((((.......))))))	-13.4	0.032
111352047_111352106	AAUGUCUCCAGAUAUUGUCCAAUAUUUUCUGGGAGGAGGUUAUUGGAGGGAGGCAAAUC	..(((((((........(((((((.(((((....))))).))))))).)))))))....	-18.9	0.0
111351767_111351816	AGGAGGCAGAGGUUGCAGUGAGAUAUGAUCGCACCAGUGCACUCCAGUC	.(((((((..(((.((.((.(....).)).)))))..))).))))....	-17.7	0.0
111351707_111351756	AGCUGUGAAUUCUGAAAGCUUAUUGGCCUUGAGCCUUCUGUAUUUACUA	....((((((...(((.(((((.......))))).)))...))))))..	-11.3	0.001
111351087_111351166	CUUCCAACUCAGCUUGUUCCCUCAUGAGCCCCCAUACUGACUGGUAUGGUUUGGCUGUGUCCUCACCCAAAUCCCAUCU	...........((((((......))))))..(((((((....)))))))(((((..(((....))))))))........	-16.2	0.016
111350977_111351036	GAUAAUUGAAUCAUGGGGGCGGUUUCCUCCAUACUGUUCUCAUGGUAGUGAAUAAGUCU	.........((((((((((((((.........)))))))))))))).............	-17.0	0.0
111350937_111350986	AAUAAGUCUCACAAGAUCUGAUGGUUUUAUAAGGGGGAAACCCCUUUCA	............((((((....))))))..((((((....))))))...	-12.3	0.048
111350687_111350776	GCAGUGUGAGAAUGGACUAAUACACUAACCCUUUCCCAAAAAUGAGAGGAAGAAGUGUAUAUAAUUUUCCCUCUUAUCGUUGCUCUUGU	(((((((((((..(((..((((((((...((((((........))))))....)))))))....)..))).))))).))))))......	-21.6	0.0
111350137_111350186	GCUCCCUUGUUUUUUGGAUUCCAGUUGUAUUUAGCCAAUGGGGAGCACU	(((((((......((((((.........)))))).....)))))))...	-13.3	0.016
111349917_111349976	CCUCUCUCCUUGAGGCCUAAGAGUGGUAAUGAACUUCACUAUUACUAUUCCUAAAAUUC	((((.......)))).....(((((((((((........))))))))))).........	-14.3	0.0
111349767_111349816	UUUCCUACUGGUACACUGACUGAUGGUUGAUGUACCCAUGAGAACUCGU	.(((.((..((((((.(((((...))))).))))))..)).))).....	-10.1	0.04
111349567_111349616	UAUAAUCAAGCUGUAUGUCCCUUACCAACUGGGCAGUCAUGCUUUUUUU	.......((((((..((.(((.........)))))..)).)))).....	-11.0	0.002
111349317_111349366	UAUCCUUUUGCUUCCUUUGGACUGGAGUCUCAGGAAGCCUGGGAAGGGG	..((((((((((((((..((((....)))).)))))))...))))))).	-18.6	0.006999999999999999
111349247_111349296	UUCCACGACAGCUGCCAGCAUUCUGGCCCGGGUGUCACUGCUCAUUAAC	......((((.(((((((....)))))..)).)))).............	-14.2	0.008
111349147_111349196	GAAAUCAACUAGUCUAGAGACUCUUAAUUUGGGAUCUAUAGACAAGCUU	........((.(((((.((((((.......))).))).))))).))...	-10.7	0.0
111348767_111348836	AAAAGCAAUAUCCCUCUCAUGCUUUGUGUCUAGCAGACACCAGGAAACUGUUAAAUGCAACAGAUAACU	.((((((............))))))((((((...)))))).......(((((......)))))......	-12.8	0.003
111348497_111348566	GAAGGGCAGGUGUCAGUCCUGGGCAUGUACUCAACAGCCCAACUCCAGCGCCUCUGCAGCUGUUCUCAU	(((.(((((((((.(((..(((((.(((.....)))))))))))...)))))).....))).)))....	-24.3	0.0
111348357_111348446	AGACAAAAUAAGGAAAGAACACCCUUGAGCAUCGAGGGGCUGCCAGCCUUCCAAUCAGGCUGGUAUUGCCUAGCUCAGGUUAUUAAAUC	.......................(((((((....(((.(.(((((((((.......))))))))).).))).)))))))..........	-28.0	0.0
111348187_111348256	GUCUCCUGCUGUUUUUCCUUACCUGGGUCUCCCCUGUCUAGGAAAUGCCUUUGCAGUAUACCUUAGGUA	.....((((.((.((((((.....(((....))).....)))))).))....))))..((((...))))	-16.5	0.001
111348067_111348146	AUCAGCUCUGUCAUUAGCCAGCAAUGUGACCUUGUACAGGUCACUGAACCUUCAUGGACCUUGACAUUUCAUUUAUUAA	........(((((....(((.....(((((((.....)))))))..........)))....))))).............	-16.6	0.001
111347877_111347926	GACCAAUAUCUCAGCUGAGAUCUGACAGCCCAGAUUUAAUAUAGCUGGG	.........(((((((((((((((......)))))))....))))))))	-15.5	0.0
111347447_111347496	UCAUUUUCUGUAGCUAAGCCCCACAAGGCAAGCCAAAGGAAAUCGGUGU	..(((((((...(((..(((......))).)))...)))))))......	-11.0	0.015
111346347_111346396	UCAGAACUGCAUUCUUUUUUGUAGCUGAAUAAUAUUCCAUUGUAUGGAU	((((..(((((........))))))))).......(((((...))))).	-10.8	0.0
111345327_111345376	UUUUGUUGCAAUUGCUUUUGACGUUUUUGUCGUGAAGUCUUUGUCCGUG	.......((((..((((((((((....))))).)))))..)))).....	-10.1	0.0
111345287_111345336	UUGUCCGUGCCUAUGUCCUGAAUGGUAUUGCCUAGGUUUUCUUCUAGGG	......(((((............)))))..((((((......)))))).	-11.0	0.031
111345037_111345086	GGUAUUAUGUCUGAGGUUGCUGUUUUGUUCCAUCAGUCUAUAUGACUGU	(((..((((.((((((..((......)).)).)))).).)))..)))..	-10.3	0.009000000000000001
111344987_111345056	CAUCAGUCUAUAUGACUGUUUUGCUACCAGUAACGUGCUGUUUUGGUUACUGUAGCCUUCUAGUAUAGU	...(((((.....)))))....(((((.((((((...........))))))))))).............	-18.5	0.0
111344757_111344806	CCAUUUUCACGAUAUUGAUUUUUCCUAUCCAUGAGGAUGGAAUGUUUUU	(((((((((.((((..((....)).))))..))))))))).........	-11.3	0.0
111344597_111344646	GUAGUGAUUGUGAGUGGGAGUUCAUUCAUGAUUUUGUUCUCUGCUUGUC	((((.((((((((((((....))))))))))......)).)))).....	-11.3	0.0
111344457_111344506	UGGGGCUGAGAUGAUGGGGUUUUCUAAAUGUAAAAUCAUGUCAUCUACA	........(((((((..(((((((.....).))))))..)))))))...	-11.7	0.0
111344307_111344366	UGAUGAAUAGGAAUGGUAAGAGAGGGCAUCCUUGUCUUGUACCAGUUUUCAAAAGAAAU	...((((......((((((((.((((...)))).)))..)))))...))))........	-12.6	0.0
111344167_111344216	GUUUAUUGAGAGAUUUUAACAUGAAGGAAUGUUGAAUUUUAUCAAAGCC	.....((((.(((.((((((((......)))))))).))).))))....	-10.1	0.0
111343897_111343966	UCUGUCGCCCAGGUUGCAGUGCAGUGGCGCGAUCUCCACUCACUGCAACCUCUGCCUCCCAGAUUCAAG	((((..((..(((((((((((.(((((........))))))))))))))))..))....))))......	-30.6	0.0
111343827_111343886	CCUCAGACUCCUGAGUAGCUGGGACUACAGGUGCCCACCACCAUGCCCAGCUCAUUUUU	.(((((....))))).(((((((.(....((((.....))))..)))))))).......	-21.5	0.0
111343737_111343806	UUUCACCAUGUUGGCCAGGCUGGUCUCAAACUCCUGACCUCAGGUGAUCUGACCACCUUAGCCUCCCAA	............(((.(((.(((((.......((((....))))......))))))))..)))......	-19.9	0.0
111343537_111343636	UAUUUUUUGUUGUAUUUCUUCCUGGUUUUGGUAUCAGGAUGAUGCUGGCUUCAUGAAAUGAGGUAGGGAGGAGUCCCUCCUUUUCAGUCGUUUGGAAUU	...........(((((...(((((((......))))))).)))))..(((((((...))))))).((((((....))))))((((((....))))))..	-28.6	0.0
111343337_111343386	GGAUUCAAUUUCUUCCUGGUUUAGUCUUGGGAGGGUGUAUGUAUCCAAG	((((.((((.(((((((((.......))))))))).)).)).))))...	-12.8	0.001
111343067_111343116	UUUUGGGGGUGGGGGGGAGUUUGUGUGCUUAUCUCCUUCAGUUCUGCUC	....((((.(((((((((.............))))))))).))))....	-15.0	0.0
111342887_111342936	GUAAAUUUCCCUCUUAACACUGCUUUAGCUGUGUCCUAGGGAUUCUGGU	.......(((((....((((.((....)).))))...))))).......	-12.2	0.0
111342587_111342636	GUGCCAUGUGGUCCUGAGAAGAAUGUGUAUUCUCUUGAUUUGGGGUGGA	...((((..((((..(((((.........)))))..))))....)))).	-11.5	0.002
111342427_111342506	UUGAUAUGUCUAAUAUUGACAGUGGGGUGUUAAAGUCUCCCACUAUUAUUGUGUGGGAGUCUAAGUCUCUUUGUAGGCC	(((((((.((.............)).)))))))((.(((((((.........))))))).))..((((......)))).	-20.8	0.0
111341847_111341896	UUUUCCCUUCCAUAUUUAGUGCUUCUUUCAGGAGCUCUUUCAAGGCAGG	.....(((.((......((.((((((...)))))).)).....)).)))	-11.2	0.0
111341657_111341706	AUCUCUUCUGGCUUGUAGAGUUUCUGCUGAGAAGUCUGCUGUUAGUCUG	.......(((((..(((((.(((((....)))))))))).)))))....	-12.8	0.0
111341607_111341666	GUUAGUCUGAUGGGCUUACCUCUGUAGGUGACCUGGCCUUUCUCUCUGGCUGCCCUUAA	(((((...((.((((((((((....)))))....))))).))...))))).........	-16.6	0.01
111341467_111341516	AUUUCCUGAAUUUGCAUAUUGGCCUGUCUUGCUAGGUUGGGGAAGUUCU	(((((((.((((((((.............))).))))).)))))))...	-12.6	0.008
111340757_111340806	UCUUUCAAUGGUCAGGUCCCUCUUCUGUAGGGUAGCUGUCUUUUGCUGG	.....(((.((.(((.((((((....).)))).).))).)).)))....	-12.6	0.0
111340537_111340596	GUCUGACAACCCCUGUUGAAGGGUCUCAUUCAGUCGAGUGGCAUGGGGAACAGGACCCA	..........((((.....))))..((((((....))))))..((((........))))	-15.1	0.016
111340387_111340446	CAGGAAGAAAGGCUAAGUCUGCUGGUCUACAGAGACUGCAGACCCCCUUACUCCUACAG	.((((.(.((((....((((((.(((((....)))))))))))..)))).)))))....	-21.8	0.0
111340347_111340396	CUCCUACAGGUUCAGGCCCACGGAGAUCAGAGUUCUGCCCCUGAGCCUC	.......(((((((((..((.(((........)))))..))))))))).	-16.3	0.004
111340167_111340216	UGGGACCAAGCAGUACAGCUCCCUGGCUCCAGCAAGGGAAAAGUGUGGC	.........((..(((...(((((.((....)).)))))...)))..))	-11.5	0.047
111339957_111340026	CUGACUGCUUUAUGCAACACAGAAUAGGUAUUUGUGGGGCAUGGGGAGGGCAUGCUGCCUAGAGAACAG	.......((((((((..((((((.......))))))..)))))))).(((((...))))).........	-21.7	0.0
111339727_111339786	AAUAACAGUUUAGUCUUGGGCAUAUUAAACAUGGGAUGCCUAUCAGACAAGCAAGUGGA	.......((((.(((((((((((.(((....))).)))))))..)))))))).......	-14.0	0.0
111339567_111339626	UGUCUUAGUUAAUUGUCUGUUGUUUAUAACAGAUUACCUGAAGCUGGGUAAUAUAUAAA	...(((((((....((((((((....)))))))).......)))))))...........	-10.9	0.003
111339457_111339526	UCAAGGUCAAGGGGCCAAAUCUGGUGAGGGCCUUCUUGCUGGUAGGGACUUUCUGCAGAGUUCUGAGGU	....((.(((((((((...((....)).)))).)))))))....((((((((....)))))))).....	-18.1	0.027000000000000003
111339207_111339256	UUUGGAGGGGACAAACAUUGAAACCAUAGCAGUGUGUAAAGCCUUGGAA	.((.((((......((((((.........))))))......)))).)).	-11.1	0.035
111339107_111339156	AAGACCUGAGCACUGGGGCUUUCAAAUACUGGAAGUCUAAAAAAGGAAA	....(((........(((((((((.....))))))))).....)))...	-11.1	0.001
111338937_111338986	GGUUGAGUAAGAUGAGGCCAGGGAAGGACCAUUGGAUUUGACAACAUGG	.(((((((..((((.(.((......)).)))))..))))))).......	-10.3	0.0
111338457_111338506	GGGCUGGUAGGUGGGAAAUGUUCCAAAAUACGAGUAGCAGUAACAUUUA	..(((.(((..(((((....)))))...))).)))..............	-10.1	0.001
111338317_111338386	AUAGGCAAGGCACACUGUUGGCAAGACUGAAAAAUCAGUGUGGUUUGUGUUCCUUGCCACGGUGUUUCC	...(((((((.((((....(.((..(((((....))))).)).)..)))).)))))))...........	-23.6	0.0
111337667_111337716	CAAGACCUUACUUCUCGAGAAAACAUUUAUUUCUGAAUAGUUAGGUAAG	....((((.(((..((.(((((.......)))))))..))).))))...	-10.3	0.0
111337597_111337666	GAAAUGUAGAAUCUACUAGAACCAGGCAUGUUCAAAAACGAACUGCCAGCAUCUAUAAUAUGUGGAUGG	.....((((...))))........((((.((((......))))))))..((((((((...)))))))).	-18.2	0.0
111337187_111337256	AGUAUGAUUCAUACUGAAGCUGAUGUCAGCAAGACCUUUGAUCCCUGAGGAUGCUGUAAUGCUGUAAGU	((((((...))))))..(((..((..(((((...((((........)))).)))))..)))))......	-16.2	0.002
111336447_111336496	CUGGGUAUCCACAUGCACAAAGUGCAUUUGUCUGCAUUUGGGAGCCAGU	((((.(.((((.(((((((((.....)))))..)))).))))).)))).	-16.9	0.0
111336257_111336306	GGGGUUAUCCAAAGGCUUUUCCCAAAGCCUGGGUGUGGGUAGAGAGGCU	(((....)))...((((((((.....(((((....))))).))))))))	-12.2	0.01
111336047_111336096	GAAUGCUCUGGUGACUUUGCAGGGAAGGUUGCUGUUUGAAGCAUUUACU	((((((((((((((((((......))))))))))...).)))))))...	-13.2	0.0
111335877_111335936	CUGUUGCCGGGCUGGAGUGCAGUGGUGUGAUCUCGGCUCACUGCAAUCUCCGCCUCCCA	........((((.((((((((((((.((.......))))))))))..))))))))....	-23.4	0.001
111335687_111335736	UGACAUCGUGAUCCACCUGCCUUGGCCUCCCAAAGUGCUGGGAUUACAG	.......(((((((....(((((((....)).))).))..)))))))..	-13.6	0.002
111335657_111335706	CAAAGUGCUGGGAUUACAGGCGUAAGUCACUGCACCUGGCCUAGACUUU	.(((((.(((((....((((.(((......))).)))).))))))))))	-15.7	0.0
111335387_111335436	AAUAUUCCUGUUUCUUACCUUCUUUGCAUGCAGCUGAGGCAGAAACAGC	.......((((((((...((((...((.....)).)))).)))))))).	-12.4	0.009000000000000001
111335247_111335296	ACCUGUGAUCCGGUGGGGAGAACUAAGUGAGUCCUCAUGAAAAUACAGG	.((((((.....(((((((..((...))...))))))).....))))))	-15.7	0.0
111335137_111335186	GGUAUUCCUGACUCAUGACCAAAAAUAAAGUCAGCUAGUCAGGGUCAAA	.....((((((((..((((..........))))...)))))))).....	-14.1	0.0
111335007_111335066	AGAUAUUUGGUGUAUCAGAGUUAAGGGCUCUGUGUUUUAUUGAGCCAAGGUCCAAGAUA	.(((((.....)))))...(((..(((((.((.((((....)))))).)))))..))).	-13.3	0.008
111334977_111335026	UGAGCCAAGGUCCAAGAUAUUGGUAGGAGGUCUGCAGCUAGGCUCAAAA	((((((.((.(.((.(((.((.....)).))))).).)).))))))...	-13.7	0.038
111334907_111334956	AUCCACUACUAGGACAAUAUGCAGGAUGCCUAUUGAACUAACAGUGCUA	...((((..(((..(((((.(((...))).)))))..)))..))))...	-12.2	0.0
111334627_111334686	AAGGACAGGCUUUGAAGUUAGAUAGAUCUGUGUUUAUUUGGCUUCAUUGCUCUCCACCU	..(((..(((..(((((((((((((((....)))))))))))))))..))).)))....	-22.4	0.0
111334457_111334536	GUAAAAUGAGAUGACAGAUUUGGAAGUACUUACCAGAGUGCCUGUCACAGAGUAAGCAUUCAGUUAGUUGGUAGCUCUG	...........((((((........((((((....))))))))))))((((((.(.((..........)).).))))))	-18.3	0.03
111334427_111334476	CAGUUAGUUGGUAGCUCUGAUUGUCAUUCUGUGAUCAUGGAAUGAAUGG	(((((((.........)))))))(((((((((....)))))))))....	-11.4	0.01
111334327_111334376	GACCCAGGACUGGAAAGAGGCUUAAUGAGAGUGACCCUGCAGUCCUUCA	.....(((((((.(..(..((((.....))))..)..).)))))))...	-13.8	0.01
111334277_111334326	GUCACCUUCUCUUCUCUGGGCAUCUCUUGGAUGAUUGGGAGGCUGACAC	((((((((((..((((((((.....)))))).))..)))))).))))..	-17.7	0.0
111334237_111334286	GGCUGACACAAUGGGGAUAAUCUUUAAGUAUAUCUCCUUUUGUGUAAGG	..((.((((((.(((((((..((...))..)))))))..)))))).)).	-15.1	0.0
111334067_111334116	GUUUGUGAGCACCAUGCCUUUGGAAAGCCAUUGCUGGCAGCUUGAAUGG	..((((.((((..(((.(((....))).))))))).)))).........	-10.2	0.016
111333967_111334016	UAAGCAUGUUUUGACUUUAUGGUUCCUCCAGGGGUUUCCCUGAUGUGCU	..(((((((...((((....))))....(((((....))))))))))))	-12.6	0.015
111333837_111333886	CUCUUUGUGCAGAAAGGGGGUUGGGGAGACUGUCUGUCUGUUGUUGAGA	(((.....(((((.(((.((((.....)))).))).)))))....))).	-15.4	0.0
111333807_111333856	UGUCUGUCUGUUGUUGAGAAGCAGUAAUGCUUAGGAUGCUAGCAGGCAU	....((((((((((....(((((....))))).....)).)))))))).	-15.6	0.001
111333547_111333596	GCAGCACAUUUCCACUUCUGGGUCAGCUACAGUCAGGCUGCAGAAGAUU	..............((((((...(((((.......)))))))))))...	-11.7	0.031
111333467_111333546	UUCUCAUCUUCCUUGGCCCAGUCCCUUGCCCUAGAGUUGGGCCAGGAGCUUCCCGUCUUUGAGGCUCUGAGAAAAGGUG	((((((......(((((((((.(.((......)).))))))))))(((((((........)))))))))))))......	-28.4	0.002
111332847_111332926	UCUUUCUCCUGUAUAUUUGGAUACAUGGGUCAUGACCCAUGUAAGACUGAAAGACUGACUGGAUAUCCCAGAGUCCCAG	......(((.........)))(((((((((....)))))))))...(((...((((..((((.....)))))))).)))	-23.3	0.001
111331947_111332006	UACUCUGCUGUUUGAUUCCCCUUUGUGCAUCACAGCACAAGGUUGGAAAAACUGUAGUA	....((((.((((..((((.((((((((......))))))))..)))))))).))))..	-19.9	0.0
111331507_111331556	GUGGUGGUCAUAGUGCUUAUUUAUAUAAAGUGACAUGAUAUCCAUCAUG	(((((((.....(((.((((((.....))))))))).....))))))).	-12.3	0.001
111331367_111331436	UUUCAUCUGUGUAGCUGUAACCUCUGAGUUGUUAAUCUCUAAUUCAGGGAAAUUAAUUAAACAUUAUAU	........((((.....(((.((((((((((........))))))))))...))).....)))).....	-10.7	0.001
111331097_111331176	AAUAAUAAGGACCACAUUGUAGUCCUGACCCAUUUAGGUCCUUUGGCCUGUGAUGGUUAUUGCGGUUUCCAGAGGCUGA	.......(((((.((...)).)))))((((......))))((((((.(((((((....)))))))...)))))).....	-21.9	0.001
111330977_111331036	CGAGUCAUGAAGGGAAACCCAUCAGCCACAGCUGGCCCAAAGGCAUCCCCAACACCUCA	.(((.......((((..((.....((((....)))).....))..))))......))).	-13.9	0.018000000000000002
111330707_111330766	AGUCAAACUUGUUUGGAGUCAUGGAGGCACAGCUACAACCAUUAUUCCAUUCAAAUGGA	........(((..((((((.((((.(((...)))....)))).))))))..))).....	-13.5	0.0
111330477_111330526	AAAGUGUCAACAUAGUUGACUCACUUGAGCUUCAAAUUUGACUCUGAAG	...(.((((((...)))))).).(((.((..(((....)))..)).)))	-10.0	0.032
111330127_111330176	AGCUGCCUUUUUUUCAGAGCCUGAUUUUAUUGAUGAAGGCAGCAGUAUG	.(((((((((.((((((...)))).......)).)))))))))......	-15.4	0.0
111329957_111330016	GGCCUUAGAAGUCCAAGUUCAGAAGCUUAGAUUUAUGCACAAUUUGAGGUUCUUCACAC	((.((....)).))..((..((((.((((((((.......)))))))).))))..))..	-11.3	0.017
111329867_111329916	CCCAAGGCUCAGAAUUUAUCAUGAGAAUUCUUGCAGUCUGAGAGCCUUG	..(((((((((((((((.......)))))))..........))))))))	-14.4	0.0
111329787_111329856	GGGCCCUUCAGUUUGGGGCAUCAUGAGUAGCCUGAUGGCUAUGAAAUGCUGGUGCCAAGAUGAAUAGCC	.(((..((((.(((((.((..(((..((((((....))))))...)))...)).))))).))))..)))	-26.6	0.0
111329137_111329206	AUUUAUAUUGCUGAAACUACAAAGACCUAGGUUUUAACACCUGGGCUGAGAAUAAAAUUUGACAGUUUU	............((((((.(((((.(((((((......)))))))))...........)))..))))))	-11.5	0.0
111329007_111329066	UAGCUAAUCAUUUCUCAGAAACAGCAGUAGCUAUUUCUGGGAUUUCUAACCUGUAUUAC	............(((((((((.(((....))).))))))))).................	-14.2	0.0
111328877_111328926	UUGGUGGGCAAGAAAUUCUAGAGUGUUUUAUCUAGGUGGUUCUGGCUCA	....(((((.((((..((((((........))))))...)))).)))))	-14.4	0.0
111328807_111328856	UUAAAAUAUUAGUAGGGGCUGCAGUCAUCUGAAGGCUCAACUGGGGCUG	........(((((.(((.((.(((....))).)).))).))))).....	-11.7	0.002
111327957_111328006	CUAGUCUAGACAAUCUUUAUGGCAAUUGCCAGAAUGUUUGGGCUCAUCU	..((((((((((.(((....(((....)))))).)))))))))).....	-16.5	0.0
111327857_111327956	AGAUAAUGUGUCUAUAGCCUCCUCAUGAUUCCAACCCUGAAGGGCUGUAACAUAACCAAGCCCAUUUCAUCGGAGUUUGUUUAAAGCCUAGUCCAAGGC	......(((((.((((((((..(((.(........).))).)))))))))))))..(((((((........)).)))))......((((......))))	-24.3	0.0
111327297_111327356	GAGGUUAAAAUACACUUAACCAAAUGAUAAUAGGUUAGGUGGGGCAAACAGGCUUUGUU	............(((((((((...........)))))))))((((......))))....	-13.4	0.0
111327227_111327276	CCACCCUGUUUCCAUCCUGUGUUAGUCAGUCUUGGAUGUGGAACUUGUG	.(((...((((((((((................))))).)))))..)))	-11.7	0.001
111327127_111327196	UAACAAAAGACUCUUAGAAUCCAAGUCUAUGGAAGAUAGACCAAUGGAAGAUUGUCUUCCUUUGAAGAC	...................((((.((((((.....))))))...)))).....((((((....))))))	-15.2	0.0
111326597_111326646	CGGGCAGAACUGAUGGACUCUUAGAAUCCAAGUCAUAUUAGCUAUGUCU	.(((((...((((((((((...........)))).))))))...)))))	-11.4	0.034
111326447_111326496	GAUUAACCCCGGACUUGCCAUUUUGAUGAGCGAAGGUAAGCCUGGCUUC	........((((.((((((..((((.....)))))))))).))))....	-12.7	0.006999999999999999
111325387_111325436	UUUAGGAUCUUGGGAUCUUCCAUGUCACACAUUACUUAGCACCCAAGAG	.......(((((((..((...((((...)))).....))..))))))).	-10.4	0.003
111325307_111325356	GCAUUAUUCGCAGUGUCCCACUGACACACAGUAGUUAGUAUGUGGGAUG	((.......))...(((((((..((..((....))..))..))))))).	-13.7	0.003
111325277_111325326	GUAGUUAGUAUGUGGGAUGUGCUGUCUGGUGAAUGCAAAGGUCUACGUU	.........(((((((...(((..((....))..)))....))))))).	-10.9	0.0
111325177_111325226	GGGAGGUGGAAAGGCAAGGGGUGGGUUGGUGUCUGUGUCAUUUCCUUUG	(((((((((..(((((..((.....))..)))))...)))))))))...	-12.5	0.002
111325087_111325166	GCAAAGUCCCACAAGUAAUUAGGUGCCUUUCAGUGCUACAGAGCACUGAAACAAGACAGCUUAGACAUUCCUUCAGCUC	.....((.((...........)).)).((((((((((....))))))))))......((((.((......))..)))).	-16.7	0.006999999999999999
111324987_111325056	AAGUGGUGUCCUUGACAGAGCUGUGGGAAGAGAAAAACUUCCCCAGUUCCUCCUCCAAUCUGAUUCUUC	......((((...))))((((((.((((((.......))))))))))))....................	-18.9	0.0
111324957_111325006	UCCUCCAAUCUGAUUCUUCUAAAACCUGCUUAGAAAAUGAUUGGAGCAA	..((((((((..(((.((((((.......)))))))))))))))))...	-12.9	0.0
111324917_111324976	UAGAAAAUGAUUGGAGCAAGCAGUAUAGUGGGUGCCAGUGAGCACCCCAUAGUGCAUGG	................((.(((.(((.(.((((((......)))))))))).))).)).	-18.6	0.0
111324847_111324906	AUUUCCCUACAUGAGUCUUAUCAGCCAGUCUUGGCUUGGGACUUGUGUUUACAUACAAC	........((((((((((((..(((((....)))))))))))))))))...........	-19.0	0.0
111324767_111324846	GAAUGUGCAAAGUACCCCUCUAAAGUACUUAGUAGUGCUAGGUGCUAUGAAGAAAAGGGAUGUUAAGAUGAAUUCCCUG	....((((...))))..((.((.((((((((((...)))))))))).)).))...(((((..(((...)))..))))).	-19.4	0.0
111324367_111324416	AUGCAUAAUAGAUACUGGUAGUAAGUAUUAUGGGAACUAUUGGAGUUCA	...(((((((..((((...))))..))))))).(((((.....))))).	-11.7	0.0
111324227_111324276	AGAUGGAUACUUCUGGCUGUCAGGGAAGCAUGAACAAAGGGGCAGAGGU	........(((((((.((.(..(...........)..).)).)))))))	-10.7	0.009000000000000001
111323777_111323846	UUCAAAUCUCUGUCCACUUAUCCAUGUGGUGUGGUGCCACCACAUUUCUCAUCCUAAAACACCAUUUUC	.............((((........))))((((((...)))))).........................	-11.0	0.0
111323457_111323536	UAGCCCUCAGCCUACAUAGAAUGAUAUCUCAUCUCUUGUGGGCUAGGAUUUCCUAACUCAGUGCCUAUAAAUUGAAUAC	....(((.((((((((.(((((((....)))).))))))))))))))..........(((((........)))))....	-22.6	0.0
111323347_111323396	UUCUAUGUGGCAGGCACUUAGAUAAGCAUUUUAUGUAUAGUCUGCCAUG	......(((((((((...((.((((.....)))).))..))))))))).	-15.8	0.0
111323247_111323306	AUAUUACAGAUGGGGAAACUGAGACUCAGAGAGGUUAGGUUAGCCCCAGGAUCACAAAU	..........(((((.((((....(((...)))....))))..)))))...........	-12.6	0.002
111323147_111323196	UGUUCUUUUCACAAAUUAAGAACAGUGCAGUUUAUCCUAGUCCCUGCAC	(((((((..........)))))))((((((.............))))))	-11.6	0.0
111323047_111323096	GUUCUGUUUCUCAGUAGGAAAUAAAUGUUGACAGCAUUGUCAACCCUGA	....(((((((.....)))))))...(((((((....))))))).....	-11.3	0.0
111322627_111322686	AACAAUUAGCCAAAGCAAUCCAGACACCCUGCCCAAGGGCUCUUUGGAAUGUAUUUGUG	..........(((((((.((((((..((((.....))))...)))))).))).))))..	-15.3	0.002
111322517_111322566	CUUGGAUGGCCUUCCAGGAAAAUUCCCUCUAUUUGUAAGGGGAAAACAA	((((((......))))))....(((((.((.......))))))).....	-13.7	0.01
111322387_111322446	UGUGUGUUGAGAUCUCCCUCUGCAAGGCAUUAGGGAGUUACAGAACACAAGACAGAAAA	(((((.(((.((.((((((.(((...)))..)))))))).))).)))))..........	-17.4	0.0
111322057_111322116	GCUGAAAUUAUAAAAAGGGCUCUGAAAUUAUUAUCAUAGCUCUUUUGAUAAACUGGGGU	.((.(..((((.(((((((((.(((........))).))))))))).))))..).))..	-14.3	0.0
111321827_111321876	AUUUUCUGUACCAUUCUGGUCAUGCAAACUUGAGCCCAGAAAGUAUAAU	......(((((..(((((((((........)))..)))))).)))))..	-11.1	0.0
111321677_111321736	AGGAAUUGGUCCAGCCUCCCAGACAAGGGUAUCCACAGUUUGGGAGUUUAGCAUCCACU	.(((.....))).(((((((((((...((...))...)))))))))....)).......	-17.1	0.001
111321627_111321686	GCAUCCACUCUGCCUGGCUAGUGACCCCACUCUGUCCUUGGCCACUCGCACCAAAAACU	..........(((.(((((((.(((........))).)))))))...))).........	-13.9	0.0
111321427_111321486	ACCAACCAUCCUGUUUGGGCUUGUCCUGUUCCAUUCUGACAGGAAAGGCAGACAGAGCC	..........(((((((..(((.(((((((.......)))))))))).)))))))....	-18.3	0.005
111321197_111321246	UACAUGUCAUGCUAAUGCUCUGUCUGCUAUUGUUUUAUGACACUGUGUA	(((((((((((.((((((.......)).))))...))))))).))))..	-10.7	0.0
111320927_111320976	UUUUUUAAAGAGCCUAUGUUAGCAAAAACAAAAAAACCAUAUAGGCUUU	........(((((((((((...................)))))))))))	-10.3	0.0
111320657_111320746	UAAGAUUGAAAAGGUGGCCUAGGAGAUAGAAAAGUUUUUGAUGCCCCUUGUUGCCAAGGGGAAAAAUGGACUAUAAAAGAGUUGAAAGA	....((((((((......(((.....))).....)))))))).(((((((....))))))).....(.((((.......)))).)....	-15.6	0.021
111320497_111320546	GGCAUUUCCUAAUUGCCGCUUAGAAAUGAAAGCUCAGAGACAAGAGCUA	((((.........)))).............(((((........))))).	-11.8	0.001
111319317_111319366	CAUGGUGUUCAUUCUCUCCCUCCCCCGUGGCCUUAGUGAACCAUCAUCA	.((((((((((((.....((........))....)))))).))))))..	-10.3	0.001
111318837_111318906	AAACUGCAUGUCAUGGGAGUUUGGUGUACAGAUUAUUUUGUUAACCAGGUAAUAAGCAUAGUACCUGAU	(((((.(........).)))))(((..(((((....)))))..)))(((((.((....)).)))))...	-14.8	0.01
111318687_111318756	CCAUGUGUUCUCAUCAUUUAGCUCCCACUUAUAAGUGGGAAAUUAAGUAUUUGGUUUUCUGUUCCUGUG	...............((((((.(((((((....)))))))..)))))).....................	-11.4	0.011000000000000001
111318547_111318596	GGUGUAUAUGCACCACAUUUUCAUUAUCCAGUCUAUCAUUGAUGGGAAU	(((((....)))))..((((((((((.............))))))))))	-11.5	0.013000000000000001
111318107_111318196	UUUUUUUUUUUUGAGACCGAGUCUCACUCUGACACCCAGGCUGGAGUGUAGUGGCAUGAUCUCAGCUCACUGCAACCUCCGCCUCCCUG	...........((((((...))))))...........((((.(((((((((((((.((....)))).)))))))..)))))))).....	-29.2	0.0
111318027_111318086	CAGCCUCCCGAGUAGCUGGGAUUACAGGUGCACGCCACCACACCCAGCUAAUUUUUAUA	............((((((((......((((.....))))...)))))))).........	-16.3	0.0
111317887_111317966	GAUCAGCCUGCCUCAGCCUCCCAAAGUGCUGGGAUUACAGGCAUGAGCCACCGUGCCUGGCCAACUUUUUAUUAAUAGC	...........((((((((.....)).))))))....((((((((......))))))))....................	-22.3	0.009000000000000001
111317797_111317846	UUUGCAUUUCUCUAAUGAUUAGUGAUGUGAAGCAUGUUUUCAUAUGCUU	....(((.((.((((...)))).)).)))((((((((....))))))))	-10.5	0.006999999999999999
111317437_111317486	CUGAAUGGUAUUGCCUAGGUUAUCUUCCAGGGUUUUUCAUUUAAGUCUU	.(((((((....((((.((.......)).))))...)))))))......	-10.1	0.002
111317297_111317366	AGCCAGUUAUCCUAGCACCAUUUAUUAAAUAGGGAGUCCUUUCCCUAUUGCUUAGUUUUGUCAACUUUG	.((.((.....)).))...........(((((((((....)))))))))....................	-12.1	0.002
111317167_111317216	UACCAGUACUAUGCUGUUUUGGUUACUGUAGCCCUAUGGUAUAGUUUAA	.......((((((((((...(((((...)))))..))))))))))....	-12.2	0.019
111316487_111316536	AGAGAGGGGCCAGGCGAAGUGGCUCAUGCCUGUAACUGCAGCACUUUGG	......((((((.......)))))).(((.(((....))))))......	-12.1	0.032
111316427_111316486	AGGCUGAGGCAGGAGGAUCAUGAGGUCAAGAGAUCGAGAUCAUCCUGGCCAAUAUGGUG	.......(((((((.((((....((((....))))..)))).)))).))).........	-18.0	0.013000000000000001
111316357_111316426	AACCCCAUCUCUACUAAAAAUACAAAAAUUAGCUGGGCAUGGUGGUGCAUGCCUGUAGUCCCAGCUACU	.............................((((((((.((...(((....)))....))))))))))..	-16.5	0.016
111316027_111316086	AUUUUUUAUUAUACUCUAAGUUUUAGGGUACAUGUGCACAUUGUGCAGGUUAGUUACAU	...........((((((((...)))))))).((.(((((...))))).)).........	-12.2	0.0
111315947_111315996	CCCACUAACGUGUCAUCUAGCAUUAGGUAUAUCUCCCAAUGCUAUCCCU	..(((....))).....(((((((.((.......)).))))))).....	-10.0	0.0
111315667_111315716	ACAUUUUCUUAAUCCAGUCUAUCAUUGUUGGACAUUUGGGUUGGUUCCA	........(((((((((((((.......)))))...)))))))).....	-10.2	0.003
111315547_111315626	UGCAUGUGUCUUUAUAGCAGCAUGAUUUAUACUCAUUUGGGUAUAUACCCAGUAAUGGGAUGGCUGGGUCAAAUGGUAU	..(((((..((....))..)))))....((((.((((((.......(((((((.........)))))))))))))))))	-20.8	0.034
111315357_111315416	UUUUAAUGAUUGCCAUUCUAACUGGUGUGAGAUGAUAUCUCAUAGUGGUUUUGAUUUGC	...........((...((.(((((.((((((((...)))))))).)))))..))...))	-13.7	0.0
111314777_111314856	UUCAAUGCCUAGAUUAUUGUGGGUUGUUAACAUGAAAGGAUGUUGGCAAUUCUAAUGCCUAGAAUACCCUUCCUAUCCU	........((((..(((((.(((((((((((((......)))))))))))))))))).)))).................	-19.1	0.001
111314627_111314676	ACAUAUGCAACUCAGUGGGUUUUAGUUUGACCACAGAGUUGUACAACCA	.....((((((((.((((............)))).))))))))......	-15.8	0.0
111314247_111314326	CUCCUCUCUGAAACCUUGAUGUCUAACACUUUGUUUGGCUCAUAGGUAGAGCUCCAUAGCUACUGGCUAAAUGAAAGAA	.....((((...(((((((.(((.((((...)))).)))))).)))))))).....(((((...)))))..........	-15.8	0.04
111314027_111314076	AGGGAAAUAUUUCCAUAAGUGGUGCAGAAGGAAUGUAUCCUCAGGAAAU	........((((((...((.((((((.......))))))))..))))))	-10.3	0.003
111313957_111314006	GCUUUACCUAUGGGACUGACAGGAACACUAUCAGGCCAUCUUUCUGCUU	((.......((((..((((.((.....)).)))).))))......))..	-10.1	0.0
111313547_111313596	UUUUCUUGGCUAGAGCCAAAUGUGGGUGAACCCUGACUCUGGCUACCAU	......(((((((((.((.....(((....))))).)))))))))....	-15.6	0.0
111313267_111313316	CUUUCUUUCCUCCUGUUCUUUUCACACAUGCAGAAUGAGGUAGGAAAGG	....(((((((((((((((...((....)).))))).))).))))))).	-14.8	0.0
111313087_111313146	UUCCCCUUUAAGGUAAGGCACAUAACCUCUCUGUGCCUCACUUUUGUCCUCUAUAAAAU	.........(((((.(((((((.........))))))).)))))...............	-13.0	0.0
111313007_111313076	AAUACCUUCCCAGACUACCUCCCAGAGAUGUUAGGGGCAAACCUGGGAAUGAAUAUGAAAAAUGUUUGA	......(((((((....((((.((....))...)))).....))))))).((((((.....))))))..	-15.5	0.004
111312927_111312976	UGAGGAGGAAAGGGUGGGAGGAUGACGGCCUUGCACUGCAUAGGGAUCC	...(((......((((.((((.......)))).)))).........)))	-11.6	0.009000000000000001
111312507_111312556	CAACAGCACAUUAAGGCCAGAAAUUUUCUUCAUCUGGCUUCAUUAGCUU	....(((......((((((((...........)))))))).....))).	-11.4	0.0
111312467_111312516	CAUUAGCUUGAAGUUCUGCGAAUCCAAGCAGGGAGCAAGCUUCUAGUCA	....((((((....(((((........)))))...))))))........	-13.9	0.002
111312347_111312396	AAGGUCUCCAAAGCUAAUGAGGUAACCAAACCAUGCUUUGGGACAUGGG	...(((.(((((((......(((......)))..)))))))))).....	-14.7	0.0
111311967_111312016	AUCCAAACAGAUUCUCACCCAGAAAUCUCUGUGUAGAAAAUGUGGAGUG	.(((..(((..((((.((.((((....)))).))))))..))))))...	-11.5	0.0
111311917_111311976	UGUGGAGUGGUUACUGCCUUGAAUCUCUUAUACCUAAGGCAGUGUUGAUGUGGCUUCUU	.((.(.((.(.((((((((((.............)))))))))).).)).).)).....	-15.2	0.004
111311817_111311866	UCCUGCUCAUAAGACUUGGUGUGAGAUGGUAAAAGGCAAAAAGCCACCA	.....((((((........)))))).((((....(((.....)))))))	-10.9	0.02
111311617_111311666	UACUAGGGUAACAUAUCUAGCUAUAAGAGUGGUACCCAAGUCACCACCA	.(((.(((((.(((.(((.......)))))).))))).)))........	-11.3	0.022000000000000002
111311467_111311536	ACGUUUUUAACUUGAAUUUGGCCAUGGUGGGAAUAUUUACACCAUGGACAUUAACAAAUACUAUAAGUC	...........(((....((.((((((((..........)))))))).))....)))............	-14.9	0.0
111311177_111311226	UUUGCUGAACUCUGUGUAACCAGUGUUACCUAGAGAUUAUGAGAUGGAU	(((..(((.(((((.(((((....))))).))))).)))..))).....	-10.3	0.0
111310967_111311016	UUACCCUAGCACCUUCCAUUGGUACCUUCCCUAAAGUGUGAAGGCAGCU	.......(((.(((((((((((......))....)))).)))))..)))	-10.6	0.024
111310817_111310866	UGUUUGCAUUGUUAAACUAUUUUUCCUGGUUGGGCUUGCAGACACUUAU	((((((((..(((.(((((.......))))).))).)))))))).....	-13.2	0.0
111310707_111310756	CAGCAUUGUCAGAGCUUCACUGUUUUCUUAACUGUGGAAUUUUCAGUGU	..((((((..((((.(((((.(((.....))).))))).))))))))))	-10.8	0.04
111310467_111310526	AAAAUAAUAAACAACUUAUGUAUCUCUUUACAGGGAUUCACUAGUUGUUUAUAUUUUGC	((((((.(((((((((..((.((((((....)))))).))..)))))))))))))))..	-18.1	0.0
111310257_111310356	UAUUUAUUUAUUUAUUUAUUUUUUGAGAUGGAGUCUCGCUCUGUCUCCCAGGCUGGAGUGCAGUGGCACGAUCUCGGCUCACUGCAAGCUCCGCACUCC	........................((((((((((...))))))))))..((((.(((((((((((((.((....)))).))))))..))))))).))..	-35.3	0.0
111310177_111310226	CCGAGCAGCUGGGACUACAGGCACCAGCCACCACGCCUGGCUAAUUUUU	......(((((((......(((....)))......))))))).......	-13.7	0.01
111310087_111310136	AUGGUCUCGAUUUCCUGACCUCGUGAUCCGCCUGCCUCGGCCUUCCGAA	..((((..........))))(((.((...(((......)))..))))).	-11.6	0.0
111309677_111309726	UAUAGAAAUAAAAGGUCCAGGCCAGUUAUUUGGUAGAACGCCUUUCAAU	..........((((((....(((((....))))).....))))))....	-10.2	0.0
111309587_111309666	UGAUGUUUCUCUGUGAUUAGAUUCAGAUUCUGAAUUUGGGGCAGGAAUAUCAUAGGAGUGAUGUUGUAUCCUUUCAGUG	(((((((.(.((((..((((((((((...)))))))))).)))))))))))).((((...........)))).......	-20.2	0.019
111309297_111309346	UGAUGCAGACAGGAAGCAGAUGGCUGAGGCCAUGACUUUCCUCCUGCAC	...(((((..((((((...(((((....)))))...)))))).))))).	-19.0	0.0
111309197_111309246	GUGGUGGGGCCCUAAGCUGUAAUCAGCUUCUUGGCUUCUUCUUUUAAGC	..((.((((((..((((((....))))))...)))))).))........	-15.7	0.0
111309157_111309206	CUUUUAAGCAGUUCAUGGAGAAUCUUCUUUAAUGCAGCUGCAAUGGGGU	((((...((((((((((((((....))))).))).))))))...)))).	-12.5	0.02
111308437_111308486	AAGCUUUUCACAGAGGUGACAUUUAAGUGGCUGGUGAAGAGAACAGGCA	...((((((((...(((.((......)).))).))))))))........	-13.5	0.0
111308327_111308386	GCACAGGGCACGUUUGGGAAAUAGAAAACCCAAACUAGAAGCCAGGUUUCUCAAAACUC	..((..(((..(((((((..........))))))).....)))..))............	-13.1	0.002
111308007_111308056	AUUCUGAAUACGAAAUAAAUUGAUGGAGAUACAGUGUUCAGAAGUUCAU	.((((((((((......................))))))))))......	-10.7	0.0
111307857_111307906	CUCAGGCCUUAUCCCUGCUUCCUCUGAGAUAAAGGUCUGGAACAAUCUU	.((((((((((((.(..........).))).))))))))).........	-12.8	0.0
111307297_111307346	UAUAUACACGUGUAUAUAUGGUAUAUAUCAUAUAUAUACACGUGUAUAU	.(((((((((((((((((((..........)))))))))))))))))))	-22.6	0.0
111307257_111307306	CGUGUAUAUAUAUAUGUAUAUAUCAUAUAUAUUAAUAUAUGUACAGCAU	..(((((((((((((((((((...))))))))..)))))))))))....	-12.8	0.047
111306587_111306646	AGGAUGUUCCAUGGGAGCUUGAAAAGAAUAUGUAUUCUGCUCUCGUUGGAUAGAAUAUU	.......(((((((((((......(((((....)))))))))))).)))).........	-14.9	0.005
111304477_111304526	GUCCUCCAGUAACUACUAGAUUGCUGUUUUUCACCGGUACAGUAGUUGU	.........((((((((..((((.((.....)).))))..)))))))).	-10.2	0.002
111304207_111304286	ACUGCAUUUGUUGAGGAACAGAUUUUCAGAGGGGCUUAUGCCACCUUUCUGGAAGUCCAGAGCUCAAAAAUACUUUUGA	..........(((((.....(((((((((((((((....))).))..)))))))))).....)))))............	-23.7	0.0
111303587_111303636	CAUAGCAUUAAUUAGCCAGAGUUAAACCUCGGGUUUCUGAAUAUGCUUU	...(((((.....((((.(((......))).)))).......)))))..	-10.6	0.0
111303377_111303426	GGAGAAGCUAUGUUCUCCAAUUUUCUUGAACAAUCUUCUACUGAAGUUC	((((((......))))))................((((....))))...	-11.1	0.002
111303307_111303356	AGUGGCAAGGCGGUGGGGGUGGGGGUGCUCUUAAGUGGCCACAGAAUUG	.(((((...((..((((((((....)))))))).)).))))).......	-15.0	0.006
111303187_111303246	GCGUGGUGGUGGGCGCCUGUAAUCCCAGCUACUCGGGAGGCUGAGGUAGGAGAAUCACU	....((((((.....((((....(((((((........))))).))))))...))))))	-16.4	0.026000000000000002
111303077_111303186	GAGCCCAGGAGGCGGAGGUUGCAGUGAGUGGAGAUCACACCACUGCACUCCAGCCUGGGUGACAGAGAGGGACUCUGUCAAAAAAAAAAAAAAAGUUUCUUAACCUAGA	..(((((((....((((..(((((((.(((.......))))))))))))))..)))))))(((((((.....)))))))..............................	-43.2	0.0
111302527_111302576	UGCUGGCAGGAGGUGAGACUGUAAAUGGUAUAGCCACACUGGAAAGCAA	((((..((((.(((...(((......)))...))).).)))...)))).	-12.6	0.006
111302437_111302486	ACUCAGCAAUUUUACUCCUGGGUGUCUGUCCCAGAGAAAUGAAAAUGUA	.....(((.(((((.(((((((.......))))).))..))))).))).	-11.9	0.002
111302187_111302236	AAAUGGCCAAUCCCAAAUGGUUAUAUACUGUAUGGUUUCAUUCAUAUAA	..(((((((........)))))))....(((((((......))))))).	-10.3	0.004
111302027_111302116	GGGUUGGAUGGAGCUCUAAUGGGGUAGCACAAGGGAGCCUUGUGUUGAAGGUACAGUUCUGUAUCUUGACUGUGGCGAUGGUCACACAA	(((((......)))))........((((((((((...))))))))))((((((((....))))))))...((((((....))))))...	-30.2	0.0
111301857_111301926	GAAAAUUGAAUGAAGGGUACAUUGGUACAAGGGUACCUCCCUGUACAUUUUUUCAACUUCCUGUGAAUC	(((..(((((.(((..(((((..(((((....)))))....))))).))).))))).))).........	-14.7	0.039
111301577_111301626	CUUCUGCUCAAGUGUCCAACAGGGCUAUUGGUGCUUUCAAGUUUUUAUU	.....((((((..((((....))))..)))).))...............	-10.6	0.0
111301307_111301376	CCCUGUCUAAUUUUGCCCAUACAGUCUUCCUUCUGUAGAGGGCUGUUUACAUAUACAGCACUUAAAAUG	...............((..(((((........)))))..))(((((........)))))..........	-14.4	0.004
111301117_111301166	AGGCCCGGGUUUGUUGUCCAGCACCAAUUCUGGCUGUCAAUGGGGAGAA	.((((((((.(((.(((...))).))).)))))..)))...........	-10.3	0.0
111300767_111300826	UUAACAGCCAACACUGAAAACACUGUGAGAAUUUGUUUUCAGGUCUGACACCUUUCAGU	............(((((((....(((.(((.((((....))))))).)))..)))))))	-12.1	0.033
111300627_111300676	GGUGAUUUUUCUUUUGUCUAAAAAACACAUGAAGAAAAUUUACCAAAAA	(((((.(((((((((((.........))).)))))))).))))).....	-12.5	0.0
111300277_111300336	UUUCUCUUUACUAAGGACUGAUCAUUUGAAAUAGUUUUCAGUCUUUUGAGAUACAGGUU	..((((......(((((((((..(((......)))..))))))))).))))........	-12.0	0.009000000000000001
111300067_111300136	AUUUUGAAAGGCACAGCAUUCGAAGCCAAGCUGCUGUUUGGCUACUGAAUGGCUUGCAGUUGUUCCUCC	..........(((.((((((((.((((((((....))))))))..))))).))))))............	-21.3	0.001
111300037_111300086	GGCUUGCAGUUGUUCCUCCACUCUAAAUGGAAUGAGCUUGCUGUGUGUG	.((..(((((.((((.((((.......))))..))))..)))))..)).	-13.0	0.0
111299827_111299876	GGGGUAGCUCAGAUGCCCCUAGACAAGCUUCAGAUGUCUGUAGCUACCA	((((((.......))))))......((((.(((....))).))))....	-16.8	0.001
111299787_111299836	UAGCUACCAGAAACAUUUUCGGUUCAGGAAAAGUGAGAUGAUGGUAGUA	..(((((((...((.(((((......))))).)).......))))))).	-12.2	0.0
111299637_111299686	UACUAAGCCCCUAUUUCUUUCUAGAAGCUCAGGGUUUUCUUAGUGCCUC	(((((((.((((.(((((....)))))...))))....)))))))....	-12.1	0.004
111299517_111299586	GUGGGCAUAAAGAAUGGUGGGAGGCCUGAUUUUAAACUUCAGGCCAGAACCCCCAAUGACUCCACCCAU	(((((.........(((.(((.(((((((.........)))))))....)))))).........)))))	-24.9	0.0
111299437_111299506	AGGUCUCAUUUAGUCCAUCACCUUUAUUUUAAGUUGAGGAAGUGGAGGCUGGUAAAGAGCAGGACCAGA	.(((((..(((...(((...((((((((((........)))))))))).)))...)))...)))))...	-18.3	0.027999999999999997
111299227_111299276	ACUUUUAAUCGAGUAUAAGGAAAUGUUUCUUUAUGGCCAUUUUGGAGGG	.(((((((.....(((((((((....)))))))))......))))))).	-10.2	0.0
111298767_111298816	AAUUGAGAGAAAAGCUCCUUUUCUCUUCACUGUUUUGGAAAGGAUAGCC	....((((((((((...))))))))))..(((((((....)))))))..	-13.6	0.0
111298717_111298766	UUAGCAUGACUGCUUUGUGUCCUUAUGGACUUUAGUAUUAGCCUAGAUU	((((..(((.((((....((((....))))...)))))))..))))...	-10.5	0.008
111298527_111298596	UCACACAGCUGGCUGGGGCAGGAUUGGGUUUACAACCCACAUCUCCUGGCUCUUAUUCCAGGGCCUUUU	........((((..(((.(((((.((((((...))))))....))))).))).....))))........	-22.1	0.002
111298427_111298526	CCACUAAGUAGUAUUGCCUUCCAUUAGGCUCCUGAGAGUUAUUUCUCAGGGUCAUGUUGCAUCUUGGAGCCACAUGCUGCUGCCCUGAUCUCAGUGGGA	(((((..((((((..((((......))))(((((((((....))))))))).(((((.((........)).))))).)))))).........)))))..	-32.3	0.003
111298267_111298316	AAUGGGGUCCCUGGCCUUGUCCAUCUGAUUCAGGAGAUCACUGCUCCAU	.((((((((...))))))))............((((.......))))..	-10.4	0.023
111297267_111297326	GCUCCAGGACACUGAUGGGAAUGAUCCCAAAGAUCACCCCACCUCAGAAACGUCUGUGC	((..((((...((((((((..(((((.....))))).))))..)))).....)))).))	-16.0	0.0
111297187_111297236	CAGUGGUUUGAACGACUUCUUUUAUGGUUGUCCAGUUUGCUAUGGAAAU	.(((((.(((.((((((........)))))).))).)))))........	-10.0	0.043
111296687_111296746	ACCUAGGCUGGAGUGCAGUGGCACAAUCUUGGCUCGCUGCAACCUUCACCCUUCACCUC	....(((.((((((((((((((.((....)))).)))))))..))))).))).......	-20.9	0.0
111296607_111296656	CCCGAGUAGCUGGGAUUACAGGCGUGCGCCACCAAAUCUGGCUAUUUUU	...(((((((((((......(((....)))......)))))))))))..	-14.8	0.0
111296457_111296516	CCUCCCAAAGUGCUGGGAUUACAGGCAUGAGCCACCAUGCCCAGCUGACAAGACUAAUU	...........((((((......(((....)))......))))))..............	-16.1	0.004
111295657_111295716	AGACAUAAUCAGCUGAAGAGAAAAAAUCCACCCAUGGAUUUAUAUCAGCUAAAUACUAA	..........((((((.......(((((((....)))))))...)))))).........	-11.3	0.0
111294887_111294936	UCAAAGGGAGAAAGUUUAAAAUGGAAACAGCCCACCCUUUCUGCCCUAU	....((((((((((.......((....)).......)))))).))))..	-12.6	0.0
111294817_111294866	CCUGUAGCAAAACAGCUGUAAUUGGUGGUUGUAGUGUUAGAGGUGUUAG	(((.(((((..((((((.........))))))..))))).)))......	-14.4	0.0
111294377_111294426	AAUCCAAAGACAGUAGGUAGUGAUGUCCCUUAUCCCUGCAGCUGUUUUA	......((((((((..((((.((((.....)))).)))).)))))))).	-15.1	0.0
111294067_111294116	GACUGGUAGGUUUGGUGAGGCCCCCAUAAACCAGCUGGAGCAGACCCUU	........((((((.(..(((............)))..).))))))...	-10.5	0.031
111293867_111293966	GCCAUGUGUGUAAGGUGCUGUGAACUGUGAGUGCUGAAGAUUCGCAGCAUUCAAUACCAGGCAGCCAAAGAGCUGCUCUUGCAAUUAUUUUGGCUCUCA	(((.((.((((..(((((((((((((...........)).)))))))))))..)))))))))((((((((((.(((....))).)).))))))))....	-35.9	0.0
